Dimension,Value,Procedure,Measure,Pre-Op Q Mean,Pre-Op Q 5%,Pre-Op Q 1st Quartile,Pre-Op Q Median,Pre-Op Q 3rd Quartile,Pre-Op Q 95%,Post-Op Q Mean,Post-Op Q 5%,Post-Op Q 1st Quartile,Post-Op Q Median,Post-Op Q 3rd Quartile,Post-Op Q 95%,Heath Gain Mean,Heath Gain 5%,Heath Gain 1st Quartile,Heath Gain Median,Heath Gain 3rd Quartile,Heath Gain 95%,Improved,Unchanged,Worsened,Total
England,England,Hip Replacement,EQ VAS,63.523,20,50,70,80,95,77.545,40,70,80,90,100,14.022,-20,0,10,29,57,24327,3066,7573,34966
England,England,Hip Replacement,EQ-5D Index,0.344,-0.074,0.055,0.516,0.656,0.76,0.8,0.26,0.691,0.848,1,1,0.456,0,0.205,0.413,0.741,1.016,32665,1818,1786,36269
England,England,Hip Replacement,Oxford Hip Score,17.625,5,11,17,23,32,39.886,22,36,43,47,48,22.261,4,16,23,30,37,38183,199,914,39296
England,England,Knee Replacement,EQ VAS,67.887,30,52,70,80,95,75.42,40,68,80,90,97,7.533,-25,-5,5,20,45,22979,4563,11217,38759
England,England,Knee Replacement,EQ-5D Index,0.416,-0.074,0.088,0.587,0.691,0.76,0.753,0.159,0.691,0.796,1,1,0.337,-0.104,0.071,0.309,0.603,0.899,33173,3658,3343,40174
England,England,Knee Replacement,Oxford Knee Score,19.05,7,13,19,24,32,36.28,18,31,38,44,47,17.231,0,11,18,24,33,40691,385,1897,42973
Age,10 to 14,Hip Replacement,EQ VAS,,,,,,,,,,,,,,,,,,,,,,
Age,10 to 14,Hip Replacement,EQ-5D Index,,,,,,,,,,,,,,,,,,,,,,
Age,10 to 14,Hip Replacement,Oxford Hip Score,,,,,,,,,,,,,,,,,,,,,,
Age,10 to 14,Knee Replacement,EQ VAS,,,,,,,,,,,,,,,,,,,,,,
Age,10 to 14,Knee Replacement,EQ-5D Index,,,,,,,,,,,,,,,,,,,,,,
Age,10 to 14,Knee Replacement,Oxford Knee Score,,,,,,,,,,,,,,,,,,,,,,
Age,15 to 19,Hip Replacement,EQ VAS,57.75,37.75,45,55,70,81.75,86.5,66.5,80,90,93.25,100,28.75,-1.75,10,26.5,50.5,55,11,0,1,12
Age,15 to 19,Hip Replacement,EQ-5D Index,0.318,-0.144,0.082,0.516,0.587,0.648,0.741,0.475,0.62,0.725,0.85,1,0.423,0.077,0.228,0.413,0.538,0.837,13,0,0,13
Age,15 to 19,Hip Replacement,Oxford Hip Score,19.333,11.4,13,19,22.5,29.9,39.333,26.2,37,42,46,47,20,2.4,13.5,24,26.5,30.9,15,0,0,15
Age,15 to 19,Knee Replacement,EQ VAS,20,20,20,20,20,20,30,30,30,30,30,30,10,10,10,10,10,10,1,0,0,1
Age,15 to 19,Knee Replacement,EQ-5D Index,-0.484,-0.484,-0.484,-0.484,-0.484,-0.484,-0.016,-0.016,-0.016,-0.016,-0.016,-0.016,0.468,0.468,0.468,0.468,0.468,0.468,1,0,0,1
Age,15 to 19,Knee Replacement,Oxford Knee Score,7,7,7,7,7,7,12,12,12,12,12,12,5,5,5,5,5,5,1,0,0,1
Age,20 to 24,Hip Replacement,EQ VAS,61.12,16,40,65,80,95,69,30,45,70,90,99.6,7.88,-43,-10,5,30,43.4,14,3,8,25
Age,20 to 24,Hip Replacement,EQ-5D Index,0.268,-0.236,-0.06,0.158,0.62,0.725,0.657,0.032,0.534,0.638,0.962,1,0.388,-0.17,0.074,0.388,0.698,1.068,17,2,3,22
Age,20 to 24,Hip Replacement,Oxford Hip Score,16.571,8,9,15,24,30,33.667,18,23,36,42,48,17.095,4,10,14,26,32,20,0,1,21
Age,20 to 24,Knee Replacement,EQ VAS,70,70,70,70,70,70,20,20,20,20,20,20,-50,-50,-50,-50,-50,-50,0,0,1,1
Age,20 to 24,Knee Replacement,EQ-5D Index,0.62,0.62,0.62,0.62,0.62,0.62,-0.016,-0.016,-0.016,-0.016,-0.016,-0.016,-0.636,-0.636,-0.636,-0.636,-0.636,-0.636,0,0,1,1
Age,20 to 24,Knee Replacement,Oxford Knee Score,21,21,21,21,21,21,13,13,13,13,13,13,-8,-8,-8,-8,-8,-8,0,0,1,1
Age,25 to 29,Hip Replacement,EQ VAS,54.872,26.3,40,50,72.5,90,79.41,38.8,70.5,85,95,100,24.538,-20,10,20,40,60.8,33,2,4,39
Age,25 to 29,Hip Replacement,EQ-5D Index,0.314,-0.195,0.08,0.312,0.587,0.76,0.75,-0.101,0.69,0.848,1,1,0.436,0.044,0.179,0.413,0.651,0.929,34,1,1,36
Age,25 to 29,Hip Replacement,Oxford Hip Score,18.282,5.9,14,18,23.5,28.4,40.359,14.7,37.5,45,48,48,22.077,1.9,18,23,29.5,36.1,38,0,1,39
Age,25 to 29,Knee Replacement,EQ VAS,62.5,51.25,56.25,62.5,68.75,73.75,52.5,36.75,43.75,52.5,61.25,68.25,-10,-37,-25,-10,5,17,1,0,1,2
Age,25 to 29,Knee Replacement,EQ-5D Index,0.299,0.104,0.191,0.299,0.408,0.494,0.638,0.528,0.577,0.638,0.699,0.748,0.339,0.034,0.17,0.339,0.509,0.644,1,1,0,2
Age,25 to 29,Knee Replacement,Oxford Knee Score,23.5,17.65,20.25,23.5,26.75,29.35,29.5,29.05,29.25,29.5,29.75,29.95,6,0.6,3,6,9,11.4,1,1,0,2
Age,30 to 34,Hip Replacement,EQ VAS,55.643,22.25,41.25,52.5,70,90,74.443,30,62.5,80,90,100,18.8,-20,0.25,20,40,50,52,3,15,70
Age,30 to 34,Hip Replacement,EQ-5D Index,0.294,-0.239,-0.016,0.328,0.612,0.691,0.698,-0.074,0.585,0.796,1,1,0.403,-0.139,0.181,0.38,0.627,1.001,57,4,5,66
Age,30 to 34,Hip Replacement,Oxford Hip Score,16.416,4.8,11,16,21,29,37.091,14.6,29,42,46,48,20.675,1.4,14,21,29,32.2,73,0,4,77
Age,30 to 34,Knee Replacement,EQ VAS,47.222,32,40,45,50,66,57.222,34,60,60,65,70,10,-9,0,10,20,33,5,3,1,9
Age,30 to 34,Knee Replacement,EQ-5D Index,0.155,-0.287,-0.074,0.088,0.516,0.621,0.489,-0.069,0.516,0.62,0.691,0.737,0.334,0,0.08,0.425,0.532,0.655,7,2,0,9
Age,30 to 34,Knee Replacement,Oxford Knee Score,14.556,6.4,8,14,18,26.2,32.222,16.4,29,32,39,42.4,17.667,4,10,21,23,27.8,8,1,0,9
Age,35 to 39,Hip Replacement,EQ VAS,57.7,20,35,60,75,93.3,75.76,30,70,80,90,99,18.06,-17.75,3.5,15,30,60,114,12,24,150
Age,35 to 39,Hip Replacement,EQ-5D Index,0.322,-0.181,-0.003,0.274,0.62,0.76,0.774,0.107,0.691,0.848,1,1,0.452,-0.104,0.204,0.413,0.729,0.998,133,6,11,150
Age,35 to 39,Hip Replacement,Oxford Hip Score,17.747,5,12,17,24,32.15,39.513,17.85,36,44,47,48,21.766,2.85,17,22,30,37.15,152,1,5,158
Age,35 to 39,Knee Replacement,EQ VAS,55.414,21.6,35,60,70,88,68.931,28.8,65,70,80,90,13.517,-17.2,-5,10,30,50,18,2,9,29
Age,35 to 39,Knee Replacement,EQ-5D Index,0.315,-0.074,0.088,0.159,0.691,0.747,0.602,-0.097,0.587,0.689,0.796,1,0.288,-0.636,0,0.309,0.659,0.884,21,3,5,29
Age,35 to 39,Knee Replacement,Oxford Knee Score,17.867,5.7,14.25,17,22,26.55,33.467,10.15,25.25,37,43,47.1,15.6,-4.3,6,17,21.75,35,27,0,3,30
Age,40 to 44,Hip Replacement,EQ VAS,56.928,20,40,60,75,90,77.025,40,70,80,90,100,20.097,-14,5,20,35,65,283,29,49,361
Age,40 to 44,Hip Replacement,EQ-5D Index,0.339,-0.181,-0.003,0.516,0.62,0.76,0.785,0.082,0.691,0.848,1,1,0.446,0,0.228,0.413,0.705,1.003,336,15,17,368
Age,40 to 44,Hip Replacement,Oxford Hip Score,17.469,5,11,17,23,31,39.76,20,36,43,47,48,22.292,5,16,22,30,37.85,378,1,5,384
Age,40 to 44,Knee Replacement,EQ VAS,58.407,14.5,40,60,76.5,95,69.396,30,55,75,85,95,10.989,-17.5,-3.5,8,20,62.5,52,13,26,91
Age,40 to 44,Knee Replacement,EQ-5D Index,0.306,-0.134,0.063,0.159,0.62,0.76,0.663,-0.016,0.587,0.708,0.883,1,0.357,-0.106,0.061,0.331,0.637,0.866,72,6,12,90
Age,40 to 44,Knee Replacement,Oxford Knee Score,16.54,5.95,11.75,16,22,29.1,33.19,10,25.75,36,41,46.05,16.65,2,9,17,24.25,31.15,96,1,3,100
Age,45 to 49,Hip Replacement,EQ VAS,59.296,20,40,60,80,92.8,75.853,35,70,80,90,99,16.558,-20,0,15,30,60,587,55,163,805
Age,45 to 49,Hip Replacement,EQ-5D Index,0.338,-0.077,0.055,0.516,0.656,0.76,0.79,0.082,0.691,0.848,1,1,0.452,-0.071,0.209,0.413,0.758,1.003,731,32,57,820
Age,45 to 49,Hip Replacement,Oxford Hip Score,17.196,6,11,17,23,31,40.108,19,37,44,47,48,22.912,4,17,24,30,38,843,8,21,872
Age,45 to 49,Knee Replacement,EQ VAS,59.176,20,40,60,80,90,69.38,20,60,75,89,95,10.204,-40,-5,10,30,55,290,46,125,461
Age,45 to 49,Knee Replacement,EQ-5D Index,0.313,-0.181,0.055,0.159,0.691,0.76,0.642,-0.074,0.516,0.691,0.848,1,0.329,-0.231,0.032,0.309,0.636,0.91,353,45,70,468
Age,45 to 49,Knee Replacement,Oxford Knee Score,16.334,5,10,16,22,30.35,33.381,11,26,37,43,47,17.047,-1,9,18,25,34,460,8,26,494
Age,50 to 54,Hip Replacement,EQ VAS,59.687,20,40,61,80,92.65,77.563,40,70,80,90,100,17.876,-20,0,15,34,60,1308,132,328,1768
Age,50 to 54,Hip Replacement,EQ-5D Index,0.339,-0.077,0.03,0.398,0.689,0.76,0.792,0.082,0.691,0.848,1,1,0.453,-0.058,0.209,0.413,0.741,1.016,1608,81,101,1790
Age,50 to 54,Hip Replacement,Oxford Hip Score,17.249,5,11,16,23,32,40.414,20,37,44,47,48,23.166,5,17,24,30,38,1850,8,39,1897
Age,50 to 54,Knee Replacement,EQ VAS,62.257,25,50,65,80,94.3,72.18,30,60,79,90,98,9.923,-30,-5,10,25,50,1019,151,445,1615
Age,50 to 54,Knee Replacement,EQ-5D Index,0.358,-0.074,0.082,0.363,0.691,0.76,0.701,0.055,0.62,0.76,0.883,1,0.342,-0.126,0.069,0.309,0.636,0.899,1308,163,161,1632
Age,50 to 54,Knee Replacement,Oxford Knee Score,17.43,7,12,17,22,31,34.511,14,28,37,43,47,17.081,-1,10,18,25,33,1599,24,96,1719
Age,55 to 59,Hip Replacement,EQ VAS,61.858,20,45,65,80,95,78.76,40,70,84,90,100,16.902,-20,0,15,30,60,2137,202,516,2855
Age,55 to 59,Hip Replacement,EQ-5D Index,0.357,-0.074,0.055,0.516,0.689,0.76,0.811,0.186,0.691,0.883,1,1,0.454,-0.033,0.209,0.413,0.741,1.016,2641,145,154,2940
Age,55 to 59,Hip Replacement,Oxford Hip Score,17.681,6,12,17,23,32,40.779,21,38,44,47,48,23.098,5,17,24,30,38,3019,18,65,3102
Age,55 to 59,Knee Replacement,EQ VAS,64.734,25,50,70,80,95,73.506,30,65,80,90,97,8.772,-30,-5,8,20,50,2008,354,889,3251
Age,55 to 59,Knee Replacement,EQ-5D Index,0.377,-0.074,0.088,0.516,0.691,0.76,0.708,0.055,0.62,0.76,0.883,1,0.33,-0.105,0.069,0.309,0.603,0.899,2663,314,358,3335
Age,55 to 59,Knee Replacement,Oxford Knee Score,18.211,6,13,18,23,31,35.041,14,29,38,43,47,16.83,-1,10,17,24,33,3303,32,191,3526
Age,60 to 64,Hip Replacement,EQ VAS,62.553,20,50,69,80,95,79.098,40,70,84,90,100,16.545,-18.9,0,14,30,60,3245,372,766,4383
Age,60 to 64,Hip Replacement,EQ-5D Index,0.354,-0.074,0.055,0.516,0.691,0.76,0.811,0.189,0.691,0.883,1,1,0.456,0,0.209,0.413,0.74,1.004,4061,238,200,4499
Age,60 to 64,Hip Replacement,Oxford Hip Score,17.855,6,12,17,23,32,40.886,22,38,44,47,48,23.03,5,17,24,30,38,4700,26,105,4831
Age,60 to 64,Knee Replacement,EQ VAS,66.328,30,50,70,80,95,74.703,39,65,80,90,98,8.375,-30,-5,6.5,20,49.15,3301,561,1536,5398
Age,60 to 64,Knee Replacement,EQ-5D Index,0.406,-0.074,0.088,0.587,0.691,0.76,0.723,0.082,0.62,0.76,1,1,0.316,-0.132,0.069,0.309,0.59,0.865,4424,546,578,5548
Age,60 to 64,Knee Replacement,Oxford Knee Score,18.887,7,13,18,24,32,35.385,15,30,38,43,47,16.498,-1,10,17,24,32,5462,69,338,5869
Age,65 to 69,Hip Replacement,EQ VAS,64.8,23.4,50,70,80,95,78.973,45,70,80,90,100,14.173,-20,0,10,28,55,4375,521,1253,6149
Age,65 to 69,Hip Replacement,EQ-5D Index,0.369,-0.074,0.055,0.516,0.691,0.76,0.82,0.516,0.691,0.85,1,1,0.451,0,0.209,0.413,0.74,1.003,5749,305,284,6338
Age,65 to 69,Hip Replacement,Oxford Hip Score,18.226,6,12,18,24,33,40.855,23,38,44,47,48,22.629,5,16,24,30,37,6610,26,147,6783
Age,65 to 69,Knee Replacement,EQ VAS,68.697,30,55,70,83,95,76.704,40,70,80,90,98,8.007,-25,-3,5,20,45,4491,871,2013,7375
Age,65 to 69,Knee Replacement,EQ-5D Index,0.429,-0.074,0.101,0.587,0.691,0.76,0.768,0.189,0.691,0.796,1,1,0.339,-0.074,0.104,0.309,0.603,0.899,6343,660,589,7592
Age,65 to 69,Knee Replacement,Oxford Knee Score,19.472,7,14,19,25,33,36.877,19,32,39,44,47,17.405,0,11,18,24,33,7657,59,362,8078
Age,70 to 74,Hip Replacement,EQ VAS,65.209,25,50,70,80,95,78.275,45,70,80,90,99,13.066,-20,0,10,25,55,5294,666,1728,7688
Age,70 to 74,Hip Replacement,EQ-5D Index,0.359,-0.074,0.055,0.516,0.691,0.76,0.812,0.516,0.691,0.848,1,1,0.453,0,0.204,0.413,0.741,1.016,7163,422,374,7959
Age,70 to 74,Hip Replacement,Oxford Hip Score,18.121,6,12,17,24,33,40.217,23,37,43,47,48,22.096,4,16,23,29,37,8439,38,192,8669
Age,70 to 74,Knee Replacement,EQ VAS,69.658,30,60,75,85,95,77.012,45,70,80,90,98,7.354,-20,-4,5,19,41,5511,1083,2610,9204
Age,70 to 74,Knee Replacement,EQ-5D Index,0.438,-0.016,0.159,0.62,0.691,0.76,0.779,0.293,0.691,0.796,1,1,0.341,-0.071,0.104,0.309,0.603,0.899,8048,802,701,9551
Age,70 to 74,Knee Replacement,Oxford Knee Score,19.735,7,14,20,25,33,37.255,20,33,39,44,47,17.52,1,11,18,24,33,9668,88,391,10147
Age,75 to 79,Hip Replacement,EQ VAS,64.77,24,50,70,80,95,76.598,45,70,80,90,98,11.828,-20,-1,10,25,55,3659,571,1441,5671
Age,75 to 79,Hip Replacement,EQ-5D Index,0.342,-0.074,0.055,0.374,0.656,0.727,0.795,0.293,0.691,0.814,1,1,0.452,-0.033,0.192,0.413,0.741,1.003,5364,314,308,5986
Age,75 to 79,Hip Replacement,Oxford Hip Score,17.729,5,11,17,23,32.9,39.211,22,35,42,46,48,21.481,3,15,22,29,37,6329,41,173,6543
Age,75 to 79,Knee Replacement,EQ VAS,69.431,30.15,60,70,84,95,75.354,40,68,80,90,96,5.923,-25,-5,5,15,40,3611,847,2026,6484
Age,75 to 79,Knee Replacement,EQ-5D Index,0.428,-0.074,0.101,0.587,0.691,0.76,0.765,0.199,0.691,0.796,1,1,0.338,-0.071,0.091,0.309,0.601,0.873,5671,655,505,6831
Age,75 to 79,Knee Replacement,Oxford Knee Score,19.23,7,13,19,25,32,36.49,19,31,38,44,47,17.26,1,11,18,24,33,7031,50,291,7372
Age,80 to 84,Hip Replacement,EQ VAS,63.132,20,50,69,80,92,74.637,40,65,80,90,97,11.505,-25,-1,10,25,55,2250,364,889,3503
Age,80 to 84,Hip Replacement,EQ-5D Index,0.299,-0.077,-0.003,0.189,0.587,0.691,0.767,0.195,0.691,0.796,1,1,0.468,0,0.204,0.432,0.749,1.003,3358,173,182,3713
Age,80 to 84,Hip Replacement,Oxford Hip Score,16.509,5,10,16,22,32,37.938,20.45,33,40,45,48,21.429,3,15,22,29,37,4025,21,104,4150
Age,80 to 84,Knee Replacement,EQ VAS,68.342,30,55,70,80,95,74.963,45,68,80,90,95.6,6.621,-23.6,-5,5,18,43,1970,474,1105,3549
Age,80 to 84,Knee Replacement,EQ-5D Index,0.418,-0.074,0.101,0.587,0.691,0.76,0.765,0.264,0.691,0.796,1,1,0.346,-0.069,0.104,0.309,0.603,0.912,3147,350,243,3740
Age,80 to 84,Knee Replacement,Oxford Knee Score,18.766,7,13,18,24,32,36.216,19.25,31,38,43,47,17.45,1,11,18,24,33,3965,41,140,4146
Age,85 to 89,Hip Replacement,EQ VAS,61.88,20,50,68,80,90,73.107,40,60,75,87,95,11.227,-25,-1,10,25,50,833,120,331,1284
Age,85 to 89,Hip Replacement,EQ-5D Index,0.262,-0.184,-0.016,0.159,0.587,0.691,0.746,0.26,0.623,0.76,1,1,0.484,-0.068,0.192,0.515,0.771,1.016,1208,68,81,1357
Age,85 to 89,Hip Replacement,Oxford Hip Score,15.391,4,9,14,21,31,37.144,21,32,39,44,48,21.752,3,15.5,23,29,37,1465,10,44,1519
Age,85 to 89,Knee Replacement,EQ VAS,67.754,30,50,70,80,95,73.342,40,64.25,75.5,86.75,95,5.588,-30,-5,5,16,45,618,136,384,1138
Age,85 to 89,Knee Replacement,EQ-5D Index,0.389,-0.074,0.088,0.516,0.691,0.727,0.733,0.186,0.62,0.76,0.883,1,0.344,-0.104,0.104,0.309,0.626,0.874,979,101,105,1185
Age,85 to 89,Knee Replacement,Oxford Knee Score,17.841,6,12,17,23,32,35.368,18.2,30,37,43,47,17.526,1,11,18,25,33,1244,10,51,1305
Age,90 to 120,Hip Replacement,EQ VAS,58.738,10,44.25,61,80,91.9,70.693,38.05,60,75,85,99,11.955,-24.8,-5,10,29,50,131,14,57,202
Age,90 to 120,Hip Replacement,EQ-5D Index,0.182,-0.239,-0.074,0.055,0.516,0.691,0.701,0.188,0.587,0.743,0.85,1,0.519,0,0.227,0.56,0.775,1.074,191,12,8,211
Age,90 to 120,Hip Replacement,Oxford Hip Score,12.83,3,6,11,18,28.3,35.081,18,29,38,41,46,22.251,3.7,16,23,30,37,226,1,8,235
Age,90 to 120,Knee Replacement,EQ VAS,64.4,22.25,50,70,80,90,71.72,40,60,75,85,95,7.32,-28.75,-6.5,5,20,52.2,83,21,46,150
Age,90 to 120,Knee Replacement,EQ-5D Index,0.343,-0.074,0.055,0.293,0.691,0.727,0.719,0.178,0.62,0.743,0.883,1,0.377,-0.104,0.106,0.309,0.636,0.932,134,10,15,159
Age,90 to 120,Knee Replacement,Oxford Knee Score,15.711,3.6,10,14,21,29,34.942,20,29,36,42,46,19.231,2,13,20,26,35,168,1,4,173
Age and Gender,0 - 10 to 14,Hip Replacement,EQ VAS,,,,,,,,,,,,,,,,,,,,,,
Age and Gender,0 - 10 to 14,Hip Replacement,EQ-5D Index,,,,,,,,,,,,,,,,,,,,,,
Age and Gender,0 - 10 to 14,Hip Replacement,Oxford Hip Score,,,,,,,,,,,,,,,,,,,,,,
Age and Gender,0 - 10 to 14,Knee Replacement,EQ VAS,,,,,,,,,,,,,,,,,,,,,,
Age and Gender,0 - 10 to 14,Knee Replacement,EQ-5D Index,,,,,,,,,,,,,,,,,,,,,,
Age and Gender,0 - 10 to 14,Knee Replacement,Oxford Knee Score,,,,,,,,,,,,,,,,,,,,,,
Age and Gender,0 - 15 to 19,Hip Replacement,EQ VAS,,,,,,,,,,,,,,,,,,,,,,
Age and Gender,0 - 15 to 19,Hip Replacement,EQ-5D Index,,,,,,,,,,,,,,,,,,,,,,
Age and Gender,0 - 15 to 19,Hip Replacement,Oxford Hip Score,,,,,,,,,,,,,,,,,,,,,,
Age and Gender,0 - 15 to 19,Knee Replacement,EQ VAS,,,,,,,,,,,,,,,,,,,,,,
Age and Gender,0 - 15 to 19,Knee Replacement,EQ-5D Index,,,,,,,,,,,,,,,,,,,,,,
Age and Gender,0 - 15 to 19,Knee Replacement,Oxford Knee Score,,,,,,,,,,,,,,,,,,,,,,
Age and Gender,0 - 20 to 24,Hip Replacement,EQ VAS,,,,,,,,,,,,,,,,,,,,,,
Age and Gender,0 - 20 to 24,Hip Replacement,EQ-5D Index,,,,,,,,,,,,,,,,,,,,,,
Age and Gender,0 - 20 to 24,Hip Replacement,Oxford Hip Score,,,,,,,,,,,,,,,,,,,,,,
Age and Gender,0 - 20 to 24,Knee Replacement,EQ VAS,,,,,,,,,,,,,,,,,,,,,,
Age and Gender,0 - 20 to 24,Knee Replacement,EQ-5D Index,,,,,,,,,,,,,,,,,,,,,,
Age and Gender,0 - 20 to 24,Knee Replacement,Oxford Knee Score,,,,,,,,,,,,,,,,,,,,,,
Age and Gender,0 - 25 to 29,Hip Replacement,EQ VAS,,,,,,,,,,,,,,,,,,,,,,
Age and Gender,0 - 25 to 29,Hip Replacement,EQ-5D Index,,,,,,,,,,,,,,,,,,,,,,
Age and Gender,0 - 25 to 29,Hip Replacement,Oxford Hip Score,,,,,,,,,,,,,,,,,,,,,,
Age and Gender,0 - 25 to 29,Knee Replacement,EQ VAS,,,,,,,,,,,,,,,,,,,,,,
Age and Gender,0 - 25 to 29,Knee Replacement,EQ-5D Index,,,,,,,,,,,,,,,,,,,,,,
Age and Gender,0 - 25 to 29,Knee Replacement,Oxford Knee Score,,,,,,,,,,,,,,,,,,,,,,
Age and Gender,0 - 30 to 34,Hip Replacement,EQ VAS,,,,,,,,,,,,,,,,,,,,,,
Age and Gender,0 - 30 to 34,Hip Replacement,EQ-5D Index,,,,,,,,,,,,,,,,,,,,,,
Age and Gender,0 - 30 to 34,Hip Replacement,Oxford Hip Score,,,,,,,,,,,,,,,,,,,,,,
Age and Gender,0 - 30 to 34,Knee Replacement,EQ VAS,,,,,,,,,,,,,,,,,,,,,,
Age and Gender,0 - 30 to 34,Knee Replacement,EQ-5D Index,,,,,,,,,,,,,,,,,,,,,,
Age and Gender,0 - 30 to 34,Knee Replacement,Oxford Knee Score,,,,,,,,,,,,,,,,,,,,,,
Age and Gender,0 - 35 to 39,Hip Replacement,EQ VAS,,,,,,,,,,,,,,,,,,,,,,
Age and Gender,0 - 35 to 39,Hip Replacement,EQ-5D Index,,,,,,,,,,,,,,,,,,,,,,
Age and Gender,0 - 35 to 39,Hip Replacement,Oxford Hip Score,,,,,,,,,,,,,,,,,,,,,,
Age and Gender,0 - 35 to 39,Knee Replacement,EQ VAS,,,,,,,,,,,,,,,,,,,,,,
Age and Gender,0 - 35 to 39,Knee Replacement,EQ-5D Index,,,,,,,,,,,,,,,,,,,,,,
Age and Gender,0 - 35 to 39,Knee Replacement,Oxford Knee Score,,,,,,,,,,,,,,,,,,,,,,
Age and Gender,0 - 40 to 44,Hip Replacement,EQ VAS,,,,,,,,,,,,,,,,,,,,,,
Age and Gender,0 - 40 to 44,Hip Replacement,EQ-5D Index,,,,,,,,,,,,,,,,,,,,,,
Age and Gender,0 - 40 to 44,Hip Replacement,Oxford Hip Score,,,,,,,,,,,,,,,,,,,,,,
Age and Gender,0 - 40 to 44,Knee Replacement,EQ VAS,,,,,,,,,,,,,,,,,,,,,,
Age and Gender,0 - 40 to 44,Knee Replacement,EQ-5D Index,,,,,,,,,,,,,,,,,,,,,,
Age and Gender,0 - 40 to 44,Knee Replacement,Oxford Knee Score,,,,,,,,,,,,,,,,,,,,,,
Age and Gender,0 - 45 to 49,Hip Replacement,EQ VAS,,,,,,,,,,,,,,,,,,,,,,
Age and Gender,0 - 45 to 49,Hip Replacement,EQ-5D Index,,,,,,,,,,,,,,,,,,,,,,
Age and Gender,0 - 45 to 49,Hip Replacement,Oxford Hip Score,,,,,,,,,,,,,,,,,,,,,,
Age and Gender,0 - 45 to 49,Knee Replacement,EQ VAS,,,,,,,,,,,,,,,,,,,,,,
Age and Gender,0 - 45 to 49,Knee Replacement,EQ-5D Index,,,,,,,,,,,,,,,,,,,,,,
Age and Gender,0 - 45 to 49,Knee Replacement,Oxford Knee Score,,,,,,,,,,,,,,,,,,,,,,
Age and Gender,0 - 50 to 54,Hip Replacement,EQ VAS,,,,,,,,,,,,,,,,,,,,,,
Age and Gender,0 - 50 to 54,Hip Replacement,EQ-5D Index,,,,,,,,,,,,,,,,,,,,,,
Age and Gender,0 - 50 to 54,Hip Replacement,Oxford Hip Score,,,,,,,,,,,,,,,,,,,,,,
Age and Gender,0 - 50 to 54,Knee Replacement,EQ VAS,70,70,70,70,70,70,90,90,90,90,90,90,20,20,20,20,20,20,1,0,0,1
Age and Gender,0 - 50 to 54,Knee Replacement,EQ-5D Index,0.691,0.691,0.691,0.691,0.691,0.691,1,1,1,1,1,1,0.309,0.309,0.309,0.309,0.309,0.309,1,0,0,1
Age and Gender,0 - 50 to 54,Knee Replacement,Oxford Knee Score,23,23,23,23,23,23,43,43,43,43,43,43,20,20,20,20,20,20,1,0,0,1
Age and Gender,0 - 55 to 59,Hip Replacement,EQ VAS,,,,,,,,,,,,,,,,,,,,,,
Age and Gender,0 - 55 to 59,Hip Replacement,EQ-5D Index,,,,,,,,,,,,,,,,,,,,,,
Age and Gender,0 - 55 to 59,Hip Replacement,Oxford Hip Score,,,,,,,,,,,,,,,,,,,,,,
Age and Gender,0 - 55 to 59,Knee Replacement,EQ VAS,,,,,,,,,,,,,,,,,,,,,,
Age and Gender,0 - 55 to 59,Knee Replacement,EQ-5D Index,,,,,,,,,,,,,,,,,,,,,,
Age and Gender,0 - 55 to 59,Knee Replacement,Oxford Knee Score,,,,,,,,,,,,,,,,,,,,,,
Age and Gender,0 - 60 to 64,Hip Replacement,EQ VAS,85,85,85,85,85,85,90,90,90,90,90,90,5,5,5,5,5,5,1,0,0,1
Age and Gender,0 - 60 to 64,Hip Replacement,EQ-5D Index,0.691,0.691,0.691,0.691,0.691,0.691,0.691,0.691,0.691,0.691,0.691,0.691,0,0,0,0,0,0,0,1,0,1
Age and Gender,0 - 60 to 64,Hip Replacement,Oxford Hip Score,23,23,23,23,23,23,46,46,46,46,46,46,23,23,23,23,23,23,1,0,0,1
Age and Gender,0 - 60 to 64,Knee Replacement,EQ VAS,,,,,,,,,,,,,,,,,,,,,,
Age and Gender,0 - 60 to 64,Knee Replacement,EQ-5D Index,,,,,,,,,,,,,,,,,,,,,,
Age and Gender,0 - 60 to 64,Knee Replacement,Oxford Knee Score,,,,,,,,,,,,,,,,,,,,,,
Age and Gender,0 - 65 to 69,Hip Replacement,EQ VAS,20,20,20,20,20,20,17,17,17,17,17,17,-3,-3,-3,-3,-3,-3,0,0,1,1
Age and Gender,0 - 65 to 69,Hip Replacement,EQ-5D Index,-0.239,-0.239,-0.239,-0.239,-0.239,-0.239,-0.016,-0.016,-0.016,-0.016,-0.016,-0.016,0.223,0.223,0.223,0.223,0.223,0.223,1,0,0,1
Age and Gender,0 - 65 to 69,Hip Replacement,Oxford Hip Score,5,5,5,5,5,5,48,48,48,48,48,48,43,43,43,43,43,43,1,0,0,1
Age and Gender,0 - 65 to 69,Knee Replacement,EQ VAS,,,,,,,,,,,,,,,,,,,,,,
Age and Gender,0 - 65 to 69,Knee Replacement,EQ-5D Index,,,,,,,,,,,,,,,,,,,,,,
Age and Gender,0 - 65 to 69,Knee Replacement,Oxford Knee Score,,,,,,,,,,,,,,,,,,,,,,
Age and Gender,0 - 70 to 74,Hip Replacement,EQ VAS,,,,,,,,,,,,,,,,,,,,,,
Age and Gender,0 - 70 to 74,Hip Replacement,EQ-5D Index,,,,,,,,,,,,,,,,,,,,,,
Age and Gender,0 - 70 to 74,Hip Replacement,Oxford Hip Score,,,,,,,,,,,,,,,,,,,,,,
Age and Gender,0 - 70 to 74,Knee Replacement,EQ VAS,,,,,,,,,,,,,,,,,,,,,,
Age and Gender,0 - 70 to 74,Knee Replacement,EQ-5D Index,,,,,,,,,,,,,,,,,,,,,,
Age and Gender,0 - 70 to 74,Knee Replacement,Oxford Knee Score,,,,,,,,,,,,,,,,,,,,,,
Age and Gender,0 - 75 to 79,Hip Replacement,EQ VAS,,,,,,,,,,,,,,,,,,,,,,
Age and Gender,0 - 75 to 79,Hip Replacement,EQ-5D Index,,,,,,,,,,,,,,,,,,,,,,
Age and Gender,0 - 75 to 79,Hip Replacement,Oxford Hip Score,,,,,,,,,,,,,,,,,,,,,,
Age and Gender,0 - 75 to 79,Knee Replacement,EQ VAS,,,,,,,,,,,,,,,,,,,,,,
Age and Gender,0 - 75 to 79,Knee Replacement,EQ-5D Index,,,,,,,,,,,,,,,,,,,,,,
Age and Gender,0 - 75 to 79,Knee Replacement,Oxford Knee Score,,,,,,,,,,,,,,,,,,,,,,
Age and Gender,0 - 80 to 84,Hip Replacement,EQ VAS,,,,,,,,,,,,,,,,,,,,,,
Age and Gender,0 - 80 to 84,Hip Replacement,EQ-5D Index,,,,,,,,,,,,,,,,,,,,,,
Age and Gender,0 - 80 to 84,Hip Replacement,Oxford Hip Score,,,,,,,,,,,,,,,,,,,,,,
Age and Gender,0 - 80 to 84,Knee Replacement,EQ VAS,,,,,,,,,,,,,,,,,,,,,,
Age and Gender,0 - 80 to 84,Knee Replacement,EQ-5D Index,,,,,,,,,,,,,,,,,,,,,,
Age and Gender,0 - 80 to 84,Knee Replacement,Oxford Knee Score,,,,,,,,,,,,,,,,,,,,,,
Age and Gender,0 - 85 to 89,Hip Replacement,EQ VAS,,,,,,,,,,,,,,,,,,,,,,
Age and Gender,0 - 85 to 89,Hip Replacement,EQ-5D Index,,,,,,,,,,,,,,,,,,,,,,
Age and Gender,0 - 85 to 89,Hip Replacement,Oxford Hip Score,,,,,,,,,,,,,,,,,,,,,,
Age and Gender,0 - 85 to 89,Knee Replacement,EQ VAS,,,,,,,,,,,,,,,,,,,,,,
Age and Gender,0 - 85 to 89,Knee Replacement,EQ-5D Index,,,,,,,,,,,,,,,,,,,,,,
Age and Gender,0 - 85 to 89,Knee Replacement,Oxford Knee Score,,,,,,,,,,,,,,,,,,,,,,
Age and Gender,0 - 90 to 120,Hip Replacement,EQ VAS,,,,,,,,,,,,,,,,,,,,,,
Age and Gender,0 - 90 to 120,Hip Replacement,EQ-5D Index,,,,,,,,,,,,,,,,,,,,,,
Age and Gender,0 - 90 to 120,Hip Replacement,Oxford Hip Score,,,,,,,,,,,,,,,,,,,,,,
Age and Gender,0 - 90 to 120,Knee Replacement,EQ VAS,,,,,,,,,,,,,,,,,,,,,,
Age and Gender,0 - 90 to 120,Knee Replacement,EQ-5D Index,,,,,,,,,,,,,,,,,,,,,,
Age and Gender,0 - 90 to 120,Knee Replacement,Oxford Knee Score,,,,,,,,,,,,,,,,,,,,,,
Age and Gender,1 - 10 to 14,Hip Replacement,EQ VAS,,,,,,,,,,,,,,,,,,,,,,
Age and Gender,1 - 10 to 14,Hip Replacement,EQ-5D Index,,,,,,,,,,,,,,,,,,,,,,
Age and Gender,1 - 10 to 14,Hip Replacement,Oxford Hip Score,,,,,,,,,,,,,,,,,,,,,,
Age and Gender,1 - 10 to 14,Knee Replacement,EQ VAS,,,,,,,,,,,,,,,,,,,,,,
Age and Gender,1 - 10 to 14,Knee Replacement,EQ-5D Index,,,,,,,,,,,,,,,,,,,,,,
Age and Gender,1 - 10 to 14,Knee Replacement,Oxford Knee Score,,,,,,,,,,,,,,,,,,,,,,
Age and Gender,1 - 15 to 19,Hip Replacement,EQ VAS,57,40.75,43.75,56.5,69.75,73.95,92.75,90,90,90.5,93.25,98.65,35.75,16.2,21,36.5,51.25,54.25,4,0,0,4
Age and Gender,1 - 15 to 19,Hip Replacement,EQ-5D Index,0.297,-0.05,0.048,0.338,0.587,0.587,0.696,0.542,0.647,0.709,0.758,0.832,0.399,0.128,0.223,0.346,0.521,0.745,4,0,0,4
Age and Gender,1 - 15 to 19,Hip Replacement,Oxford Hip Score,17.8,10.8,14,19,20,24.8,35.8,19.4,37,38,43,45.4,18,3.2,12,24,26,26.8,5,0,0,5
Age and Gender,1 - 15 to 19,Knee Replacement,EQ VAS,,,,,,,,,,,,,,,,,,,,,,
Age and Gender,1 - 15 to 19,Knee Replacement,EQ-5D Index,,,,,,,,,,,,,,,,,,,,,,
Age and Gender,1 - 15 to 19,Knee Replacement,Oxford Knee Score,,,,,,,,,,,,,,,,,,,,,,
Age and Gender,1 - 20 to 24,Hip Replacement,EQ VAS,58.533,11.4,41,58,80,93,71,30,57.5,80,90,98.6,12.467,-53,0,22,30,45.9,10,2,3,15
Age and Gender,1 - 20 to 24,Hip Replacement,EQ-5D Index,0.362,-0.074,-0.003,0.587,0.62,0.719,0.649,0.008,0.587,0.656,0.85,1,0.287,-0.372,0,0.228,0.636,1.074,9,1,3,13
Age and Gender,1 - 20 to 24,Hip Replacement,Oxford Hip Score,17.833,7.1,12.5,15,25.25,28.35,32.583,17.1,22.5,33,44,47.45,14.75,0.4,8.75,12.5,17.25,36.05,11,0,1,12
Age and Gender,1 - 20 to 24,Knee Replacement,EQ VAS,,,,,,,,,,,,,,,,,,,,,,
Age and Gender,1 - 20 to 24,Knee Replacement,EQ-5D Index,,,,,,,,,,,,,,,,,,,,,,
Age and Gender,1 - 20 to 24,Knee Replacement,Oxford Knee Score,,,,,,,,,,,,,,,,,,,,,,
Age and Gender,1 - 25 to 29,Hip Replacement,EQ VAS,56.429,20,40,60,77.25,90,70.429,25.2,52.5,80,90,95,14,-23.5,-7.5,10,32.25,70.45,9,1,4,14
Age and Gender,1 - 25 to 29,Hip Replacement,EQ-5D Index,0.225,-0.204,-0.016,0.088,0.516,0.656,0.616,-0.181,0.516,0.848,1,1,0.391,-0.175,0.104,0.413,0.601,0.942,11,1,1,13
Age and Gender,1 - 25 to 29,Hip Replacement,Oxford Hip Score,17.714,3.95,16,17,19.75,32.35,37.286,9.9,35,45,47,48,19.571,-2.2,14.25,18.5,29.75,35.5,13,0,1,14
Age and Gender,1 - 25 to 29,Knee Replacement,EQ VAS,50,50,50,50,50,50,70,70,70,70,70,70,20,20,20,20,20,20,1,0,0,1
Age and Gender,1 - 25 to 29,Knee Replacement,EQ-5D Index,0.516,0.516,0.516,0.516,0.516,0.516,0.516,0.516,0.516,0.516,0.516,0.516,0,0,0,0,0,0,0,1,0,1
Age and Gender,1 - 25 to 29,Knee Replacement,Oxford Knee Score,30,30,30,30,30,30,30,30,30,30,30,30,0,0,0,0,0,0,0,1,0,1
Age and Gender,1 - 30 to 34,Hip Replacement,EQ VAS,57.862,31.6,49,55,70,86,78.138,40,76,80,90,98.4,20.276,-16,10,20,35,40.6,24,1,4,29
Age and Gender,1 - 30 to 34,Hip Replacement,EQ-5D Index,0.3,-0.182,-0.016,0.404,0.569,0.691,0.682,-0.048,0.533,0.778,1,1,0.383,-0.253,0.122,0.31,0.683,0.989,24,2,4,30
Age and Gender,1 - 30 to 34,Hip Replacement,Oxford Hip Score,17.152,4.2,12,17,22,29.8,37.697,15.4,37,42,45,48,20.545,-1.6,14,24,28,32.4,31,0,2,33
Age and Gender,1 - 30 to 34,Knee Replacement,EQ VAS,48.333,45.5,47.5,50,50,50,50,33,45,60,60,60,1.667,-12.5,-2.5,10,10,10,2,0,1,3
Age and Gender,1 - 30 to 34,Knee Replacement,EQ-5D Index,0.238,-0.236,0.098,0.516,0.516,0.516,0.34,-0.163,0.139,0.516,0.63,0.72,0.102,0.008,0.04,0.08,0.154,0.212,2,1,0,3
Age and Gender,1 - 30 to 34,Knee Replacement,Oxford Knee Score,19.667,9.4,15,22,25.5,28.3,26.333,10.4,20,32,35.5,38.3,6.667,1,5,10,10,10,2,1,0,3
Age and Gender,1 - 35 to 39,Hip Replacement,EQ VAS,54,16.25,35,60,70,88.75,72.727,22.5,64.25,80,90,98,18.727,-20,5,17.5,36,65,50,1,15,66
Age and Gender,1 - 35 to 39,Hip Replacement,EQ-5D Index,0.362,-0.239,0.055,0.516,0.62,0.782,0.743,0.047,0.62,0.814,1,1,0.381,-0.106,0.175,0.321,0.636,0.927,60,3,6,69
Age and Gender,1 - 35 to 39,Hip Replacement,Oxford Hip Score,18.514,5,12,18,24,32.1,38.743,15,33,44,47,48,20.229,2,14,21,25,37.65,67,0,3,70
Age and Gender,1 - 35 to 39,Knee Replacement,EQ VAS,61,38.1,58.5,60,70,77,62.857,36,55,65,75,83.5,1.857,-31,-7.5,3,20,23.5,4,0,3,7
Age and Gender,1 - 35 to 39,Knee Replacement,EQ-5D Index,0.247,0.02,0.088,0.124,0.312,0.691,0.483,0.039,0.153,0.603,0.691,0.892,0.236,-0.413,0,0.237,0.55,0.804,5,2,1,8
Age and Gender,1 - 35 to 39,Knee Replacement,Oxford Knee Score,16.5,6.5,14.5,15,21.25,25.65,30.75,10.15,17.5,33.5,45,46.95,14.25,-4.45,4.75,17.5,22.75,29.3,7,0,1,8
Age and Gender,1 - 40 to 44,Hip Replacement,EQ VAS,58.436,20,40,60,75.75,91.25,78.929,42.25,70,84.5,90,100,20.494,-5,5,19,35,60,127,11,18,156
Age and Gender,1 - 40 to 44,Hip Replacement,EQ-5D Index,0.387,-0.142,0.055,0.534,0.69,0.796,0.828,0.148,0.727,1,1,1,0.441,0,0.233,0.38,0.627,1.005,146,7,5,158
Age and Gender,1 - 40 to 44,Hip Replacement,Oxford Hip Score,19.006,7,14,18,24,34.75,40.789,22.25,37,44,47,48,21.783,3,16.25,22,29,36,161,1,4,166
Age and Gender,1 - 40 to 44,Knee Replacement,EQ VAS,58.314,25.5,47.5,54,75,95,68.314,30,55,75,81.5,93.6,10,-17.7,-3.5,5,20,49.6,20,5,10,35
Age and Gender,1 - 40 to 44,Knee Replacement,EQ-5D Index,0.387,-0.057,0.088,0.552,0.691,0.76,0.626,-0.101,0.516,0.727,1,1,0.239,-0.476,0,0.217,0.454,0.893,26,4,6,36
Age and Gender,1 - 40 to 44,Knee Replacement,Oxford Knee Score,19.25,7.75,13,17.5,25,31.25,33.389,9.75,26.75,37,42.5,46.25,14.139,-1.5,6,14.5,22,29,32,1,3,36
Age and Gender,1 - 45 to 49,Hip Replacement,EQ VAS,62.956,25,50,65,80,95,76.027,34.3,70,80,90,98,13.071,-23.5,0,10,27.5,55,258,30,79,367
Age and Gender,1 - 45 to 49,Hip Replacement,EQ-5D Index,0.363,-0.181,0.055,0.516,0.691,0.76,0.81,0.082,0.691,1,1,1,0.448,-0.071,0.228,0.396,0.766,1.016,327,15,29,371
Age and Gender,1 - 45 to 49,Hip Replacement,Oxford Hip Score,18.094,6,12,18,23,32,40.563,20.65,37,44,48,48,22.47,3,17,24,29,39,377,5,12,394
Age and Gender,1 - 45 to 49,Knee Replacement,EQ VAS,63.194,26.9,50,70,80,90.1,70.039,20,60,78.5,88,95,6.844,-40,-5,9.5,25,45,113,17,50,180
Age and Gender,1 - 45 to 49,Knee Replacement,EQ-5D Index,0.372,-0.077,0.055,0.364,0.691,0.76,0.678,-0.016,0.587,0.727,1,1,0.306,-0.294,0.036,0.309,0.607,0.841,136,15,30,181
Age and Gender,1 - 45 to 49,Knee Replacement,Oxford Knee Score,18.115,6,12,18,22.5,33,35.026,11,29.5,38,44,47,16.911,-1.5,9,18,25,33,174,5,12,191
Age and Gender,1 - 50 to 54,Hip Replacement,EQ VAS,61.844,20,50,70,80,93,78.122,40,70,80,90,100,16.279,-19.75,0,15,30,60,570,60,156,786
Age and Gender,1 - 50 to 54,Hip Replacement,EQ-5D Index,0.38,-0.074,0.055,0.516,0.691,0.76,0.813,0.082,0.691,1,1,1,0.433,-0.036,0.204,0.38,0.727,1.016,720,36,48,804
Age and Gender,1 - 50 to 54,Hip Replacement,Oxford Hip Score,18.607,6,12,18,25,33,41.131,20.6,39,45,47,48,22.524,4,17,23,30,38,827,7,19,853
Age and Gender,1 - 50 to 54,Knee Replacement,EQ VAS,65.037,29.55,50,70,80,92.45,73.353,30,65,79,90,97.45,8.316,-25,-3,10,20,40,377,60,155,592
Age and Gender,1 - 50 to 54,Knee Replacement,EQ-5D Index,0.427,-0.016,0.132,0.62,0.691,0.76,0.729,0.088,0.62,0.76,1,1,0.302,-0.14,0.036,0.296,0.59,0.871,460,69,69,598
Age and Gender,1 - 50 to 54,Knee Replacement,Oxford Knee Score,19.467,7,14,19,24,33,35.717,16,30,38,44,48,16.25,-2,9,17,24,32,575,12,38,625
Age and Gender,1 - 55 to 59,Hip Replacement,EQ VAS,63.659,22,50,70,80,93.7,79.152,40,71,84,90,100,15.494,-17,0,13,30,58,991,96,240,1327
Age and Gender,1 - 55 to 59,Hip Replacement,EQ-5D Index,0.402,-0.074,0.055,0.585,0.691,0.796,0.834,0.516,0.727,1,1,1,0.433,-0.033,0.209,0.38,0.705,1.016,1229,64,72,1365
Age and Gender,1 - 55 to 59,Hip Replacement,Oxford Hip Score,19.145,6,13,19,25,34,41.581,23,39,45,47,48,22.436,4.15,16,23,29.25,37,1385,8,31,1424
Age and Gender,1 - 55 to 59,Knee Replacement,EQ VAS,67.59,30,51,70,80,95,74.732,35,65,80,90,95,7.142,-30,-5,5,20,45,869,160,419,1448
Age and Gender,1 - 55 to 59,Knee Replacement,EQ-5D Index,0.414,-0.074,0.101,0.587,0.691,0.796,0.737,0.16,0.689,0.76,1,1,0.323,-0.104,0.069,0.309,0.601,0.866,1207,126,160,1493
Age and Gender,1 - 55 to 59,Knee Replacement,Oxford Knee Score,19.863,8,14,19,25,34,36.4,17,31,39,44,47,16.537,-1,10,17,24,32,1460,16,80,1556
Age and Gender,1 - 60 to 64,Hip Replacement,EQ VAS,64.579,25,50,70,80,92,79.409,40,70,85,90,100,14.83,-16,0,10,27,55,1382,156,351,1889
Age and Gender,1 - 60 to 64,Hip Replacement,EQ-5D Index,0.395,-0.074,0.055,0.587,0.691,0.76,0.835,0.516,0.727,1,1,1,0.441,0,0.209,0.413,0.707,1.003,1764,103,88,1955
Age and Gender,1 - 60 to 64,Hip Replacement,Oxford Hip Score,19.12,6,13,19,24,33,41.494,24,39,45,47,48,22.374,4,16,23,30,37,2017,12,46,2075
Age and Gender,1 - 60 to 64,Knee Replacement,EQ VAS,68.524,30,55,70,84,95,75.735,40,69,80,90,98,7.211,-28,-5,5,20,45,1497,281,718,2496
Age and Gender,1 - 60 to 64,Knee Replacement,EQ-5D Index,0.447,-0.016,0.159,0.62,0.691,0.76,0.744,0.088,0.681,0.76,1,1,0.297,-0.168,0.069,0.273,0.532,0.841,2031,251,290,2572
Age and Gender,1 - 60 to 64,Knee Replacement,Oxford Knee Score,20.37,8,15,20,26,34,36.504,16,31,39,44,47,16.134,-1,9,17,23,31.75,2492,29,165,2686
Age and Gender,1 - 65 to 69,Hip Replacement,EQ VAS,66.927,25,50,70,80,95,79.604,50,73,84,90,100,12.676,-19,0,10,24,55,1784,250,536,2570
Age and Gender,1 - 65 to 69,Hip Replacement,EQ-5D Index,0.408,-0.074,0.055,0.587,0.691,0.76,0.838,0.516,0.727,1,1,1,0.43,0,0.204,0.367,0.691,1.003,2408,120,129,2657
Age and Gender,1 - 65 to 69,Hip Replacement,Oxford Hip Score,19.338,7,13,19,25,34,41.462,24,39,44,47,48,22.124,5,16,23,29,37,2736,10,64,2810
Age and Gender,1 - 65 to 69,Knee Replacement,EQ VAS,70.703,30,60,75,85,95,77.651,45,70,80,90,96.25,6.948,-22,-4,5,15,42,2064,435,977,3476
Age and Gender,1 - 65 to 69,Knee Replacement,EQ-5D Index,0.468,-0.016,0.159,0.62,0.691,0.779,0.787,0.378,0.691,0.796,1,1,0.318,-0.104,0.087,0.309,0.557,0.864,2991,318,287,3596
Age and Gender,1 - 65 to 69,Knee Replacement,Oxford Knee Score,20.935,9,15,21,26,34,37.821,20,33,40,45,48,16.886,0,11,17,24,32,3554,31,173,3758
Age and Gender,1 - 70 to 74,Hip Replacement,EQ VAS,66.81,25,50,70,80,95,78.947,45,70,80,90,99,12.137,-20,0,10,24,50,2083,273,670,3026
Age and Gender,1 - 70 to 74,Hip Replacement,EQ-5D Index,0.39,-0.074,0.055,0.516,0.691,0.76,0.831,0.516,0.71,0.883,1,1,0.441,0,0.209,0.413,0.724,1.003,2859,140,149,3148
Age and Gender,1 - 70 to 74,Hip Replacement,Oxford Hip Score,19.276,6,13,19,25,34,40.978,23,38,44,47,48,21.702,4,15,23,29,37,3289,15,79,3383
Age and Gender,1 - 70 to 74,Knee Replacement,EQ VAS,71.83,35,60,75,85,95,77.999,45,70,80,90,97.95,6.169,-20,-5,5,15,40,2406,506,1230,4142
Age and Gender,1 - 70 to 74,Knee Replacement,EQ-5D Index,0.473,-0.016,0.159,0.62,0.691,0.796,0.795,0.516,0.691,0.796,1,1,0.322,-0.071,0.087,0.309,0.532,0.865,3585,377,349,4311
Age and Gender,1 - 70 to 74,Knee Replacement,Oxford Knee Score,21.245,9,16,21,27,34,38.24,20.45,34,41,45,48,16.994,0,11,18,24,32,4249,45,196,4490
Age and Gender,1 - 75 to 79,Hip Replacement,EQ VAS,67.518,29,50,70,80,95,77.79,48,70,80,90,99,10.272,-20,-1,8,20,50,1386,257,579,2222
Age and Gender,1 - 75 to 79,Hip Replacement,EQ-5D Index,0.376,-0.074,0.055,0.516,0.691,0.76,0.809,0.364,0.691,0.848,1,1,0.433,0,0.194,0.413,0.701,1.003,2109,108,115,2332
Age and Gender,1 - 75 to 79,Hip Replacement,Oxford Hip Score,18.869,6,13,18,24,33,40.087,22,36,43,46,48,21.218,3,15,22,28,36,2425,20,64,2509
Age and Gender,1 - 75 to 79,Knee Replacement,EQ VAS,71.536,35,60,75,85,95,76.88,45,70,80,90,97,5.345,-25,-5,5,15,40,1601,397,894,2892
Age and Gender,1 - 75 to 79,Knee Replacement,EQ-5D Index,0.466,-0.016,0.159,0.62,0.691,0.76,0.785,0.364,0.691,0.796,1,1,0.319,-0.071,0.071,0.309,0.536,0.866,2504,279,238,3021
Age and Gender,1 - 75 to 79,Knee Replacement,Oxford Knee Score,20.802,9,15,21,26,34,37.548,20,33,40,44,48,16.746,0,11,17,23,32,3065,21,148,3234
Age and Gender,1 - 80 to 84,Hip Replacement,EQ VAS,66.223,28.1,50,70,80,95,76.34,45,70,80,90,97,10.117,-20,0,9,20,50,781,153,309,1243
Age and Gender,1 - 80 to 84,Hip Replacement,EQ-5D Index,0.345,-0.074,0.03,0.516,0.62,0.727,0.794,0.293,0.691,0.815,1,1,0.449,0,0.192,0.413,0.74,1.003,1182,74,59,1315
Age and Gender,1 - 80 to 84,Hip Replacement,Oxford Hip Score,18.133,5,12,17,24,33,39.659,24,36,42,46,48,21.525,3,15,22,29,37,1425,7,39,1471
Age and Gender,1 - 80 to 84,Knee Replacement,EQ VAS,70.632,32.6,60,75,85,95,77.03,49,70,80,90,97,6.397,-20,-5,5,15,40,867,221,465,1553
Age and Gender,1 - 80 to 84,Knee Replacement,EQ-5D Index,0.46,-0.016,0.159,0.62,0.691,0.76,0.783,0.364,0.691,0.796,1,1,0.323,-0.071,0.104,0.309,0.538,0.912,1357,160,108,1625
Age and Gender,1 - 80 to 84,Knee Replacement,Oxford Knee Score,20.457,8,15,21,26,34,37.212,20,32,39,44,47,16.755,0,10,17,23,33,1686,21,79,1786
Age and Gender,1 - 85 to 89,Hip Replacement,EQ VAS,64.024,20,50,70,80,93,75.443,47.8,70,80,90,95.6,11.419,-20,0,10,25,55,292,47,110,449
Age and Gender,1 - 85 to 89,Hip Replacement,EQ-5D Index,0.304,-0.181,-0.003,0.26,0.587,0.691,0.78,0.312,0.691,0.814,1,1,0.476,-0.071,0.191,0.461,0.765,1.014,414,19,31,464
Age and Gender,1 - 85 to 89,Hip Replacement,Oxford Hip Score,16.816,4,10,16,22,32,38.616,23,34,41,45,48,21.8,3,16,22,29,38,504,5,17,526
Age and Gender,1 - 85 to 89,Knee Replacement,EQ VAS,69.733,30,60,75,82,95,75.133,44.1,69.5,80,90,95,5.4,-25,-5,4,15,45,250,64,161,475
Age and Gender,1 - 85 to 89,Knee Replacement,EQ-5D Index,0.423,-0.074,0.101,0.587,0.691,0.727,0.754,0.189,0.691,0.796,1,1,0.331,-0.104,0.104,0.273,0.603,0.899,405,44,45,494
Age and Gender,1 - 85 to 89,Knee Replacement,Oxford Knee Score,19.718,7,14,20,25,33,36.454,19,31,39,43,47,16.736,0,10,17,24,33,510,5,27,542
Age and Gender,1 - 90 to 120,Hip Replacement,EQ VAS,64.188,20,50,70,80,95,73.984,41.5,68.75,80,85,98.85,9.797,-20,-5.5,7,20.5,50,38,3,23,64
Age and Gender,1 - 90 to 120,Hip Replacement,EQ-5D Index,0.211,-0.183,-0.016,0.055,0.587,0.691,0.693,0.187,0.62,0.727,0.85,1,0.481,0,0.205,0.496,0.759,1.072,60,3,2,65
Age and Gender,1 - 90 to 120,Hip Replacement,Oxford Hip Score,13.042,3,6,12,16.25,31.45,34.278,18,28,37,41,46.45,21.236,1.65,14,22,31,37.45,68,1,3,72
Age and Gender,1 - 90 to 120,Knee Replacement,EQ VAS,67.723,30,60,70,80,92.4,74.292,46,70,80,85,95,6.569,-18.2,-5,5,15,53,38,10,17,65
Age and Gender,1 - 90 to 120,Knee Replacement,EQ-5D Index,0.419,-0.074,0.084,0.587,0.691,0.727,0.756,0.319,0.648,0.779,1,1,0.337,-0.154,0.105,0.298,0.59,0.989,55,3,9,67
Age and Gender,1 - 90 to 120,Knee Replacement,Oxford Knee Score,17.824,6.65,13,17,22,31.05,36.811,22.3,32.25,37,44,47,18.986,0.65,13.25,20,27,33,70,1,3,74
Age and Gender,2 - 10 to 14,Hip Replacement,EQ VAS,,,,,,,,,,,,,,,,,,,,,,
Age and Gender,2 - 10 to 14,Hip Replacement,EQ-5D Index,,,,,,,,,,,,,,,,,,,,,,
Age and Gender,2 - 10 to 14,Hip Replacement,Oxford Hip Score,,,,,,,,,,,,,,,,,,,,,,
Age and Gender,2 - 10 to 14,Knee Replacement,EQ VAS,,,,,,,,,,,,,,,,,,,,,,
Age and Gender,2 - 10 to 14,Knee Replacement,EQ-5D Index,,,,,,,,,,,,,,,,,,,,,,
Age and Gender,2 - 10 to 14,Knee Replacement,Oxford Knee Score,,,,,,,,,,,,,,,,,,,,,,
Age and Gender,2 - 15 to 19,Hip Replacement,EQ VAS,58.125,38.5,45,55,70,83,83.375,60.5,80,83.5,92.5,100,25.25,-4.75,8.75,20,50.5,53.95,7,0,1,8
Age and Gender,2 - 15 to 19,Hip Replacement,EQ-5D Index,0.328,-0.178,0.082,0.516,0.62,0.661,0.761,0.483,0.62,0.725,1,1,0.433,0.105,0.228,0.413,0.538,0.839,9,0,0,9
Age and Gender,2 - 15 to 19,Hip Replacement,Oxford Hip Score,20.1,12,13.25,20.5,22.75,31.8,41.1,31.9,37,43.5,46,47,21,5.25,16.5,23.5,27.25,31.65,10,0,0,10
Age and Gender,2 - 15 to 19,Knee Replacement,EQ VAS,20,20,20,20,20,20,30,30,30,30,30,30,10,10,10,10,10,10,1,0,0,1
Age and Gender,2 - 15 to 19,Knee Replacement,EQ-5D Index,-0.484,-0.484,-0.484,-0.484,-0.484,-0.484,-0.016,-0.016,-0.016,-0.016,-0.016,-0.016,0.468,0.468,0.468,0.468,0.468,0.468,1,0,0,1
Age and Gender,2 - 15 to 19,Knee Replacement,Oxford Knee Score,7,7,7,7,7,7,12,12,12,12,12,12,5,5,5,5,5,5,1,0,0,1
Age and Gender,2 - 20 to 24,Hip Replacement,EQ VAS,65,26.75,42.5,72.5,87.5,95,66,30,43.75,67.5,91.25,97.75,1,-12.75,-10,-2.5,5,25.5,4,1,5,10
Age and Gender,2 - 20 to 24,Hip Replacement,EQ-5D Index,0.133,-0.239,-0.181,-0.016,0.516,0.713,0.668,0.318,0.516,0.587,1,1,0.535,0.109,0.309,0.603,0.755,0.887,8,1,0,9
Age and Gender,2 - 20 to 24,Hip Replacement,Oxford Hip Score,14.889,8,9,12,17,28.8,35.111,21,26,38,42,45.6,20.222,7.6,14,21,29,30.6,9,0,0,9
Age and Gender,2 - 20 to 24,Knee Replacement,EQ VAS,70,70,70,70,70,70,20,20,20,20,20,20,-50,-50,-50,-50,-50,-50,0,0,1,1
Age and Gender,2 - 20 to 24,Knee Replacement,EQ-5D Index,0.62,0.62,0.62,0.62,0.62,0.62,-0.016,-0.016,-0.016,-0.016,-0.016,-0.016,-0.636,-0.636,-0.636,-0.636,-0.636,-0.636,0,0,1,1
Age and Gender,2 - 20 to 24,Knee Replacement,Oxford Knee Score,21,21,21,21,21,21,13,13,13,13,13,13,-8,-8,-8,-8,-8,-8,0,0,1,1
Age and Gender,2 - 25 to 29,Hip Replacement,EQ VAS,54,30,40,50,70,89,84.44,66,75,86,95,100,30.44,7.6,16,25,45,60,24,1,0,25
Age and Gender,2 - 25 to 29,Hip Replacement,EQ-5D Index,0.365,0.055,0.124,0.364,0.603,0.755,0.826,0.59,0.726,0.85,1,1,0.461,0.104,0.198,0.413,0.664,0.912,23,0,0,23
Age and Gender,2 - 25 to 29,Hip Replacement,Oxford Hip Score,18.6,11,14,20,24,26.8,42.08,32.2,38,45,48,48,23.48,8,20,23,28,35.6,25,0,0,25
Age and Gender,2 - 25 to 29,Knee Replacement,EQ VAS,75,75,75,75,75,75,35,35,35,35,35,35,-40,-40,-40,-40,-40,-40,0,0,1,1
Age and Gender,2 - 25 to 29,Knee Replacement,EQ-5D Index,0.082,0.082,0.082,0.082,0.082,0.082,0.76,0.76,0.76,0.76,0.76,0.76,0.678,0.678,0.678,0.678,0.678,0.678,1,0,0,1
Age and Gender,2 - 25 to 29,Knee Replacement,Oxford Knee Score,17,17,17,17,17,17,29,29,29,29,29,29,12,12,12,12,12,12,1,0,0,1
Age and Gender,2 - 30 to 34,Hip Replacement,EQ VAS,54.073,20,40,50,62,90,71.829,30,60,75,90,100,17.756,-20,-2,25,40,50,28,2,11,41
Age and Gender,2 - 30 to 34,Hip Replacement,EQ-5D Index,0.29,-0.298,-0.006,0.275,0.62,0.717,0.71,-0.074,0.587,0.822,1,1,0.421,0,0.236,0.38,0.547,0.963,33,2,1,36
Age and Gender,2 - 30 to 34,Hip Replacement,Oxford Hip Score,15.864,5.15,9,15.5,20.25,28.85,36.636,15.45,27,41.5,46.25,48,20.773,5.3,14,19,30,32,42,0,2,44
Age and Gender,2 - 30 to 34,Knee Replacement,EQ VAS,46.667,31.25,36.25,42.5,56.25,67.5,60.833,45,60,62.5,68.75,70,14.167,0,0,10,27.5,33.75,3,3,0,6
Age and Gender,2 - 30 to 34,Knee Replacement,EQ-5D Index,0.113,-0.198,-0.042,0.072,0.141,0.558,0.563,0.269,0.542,0.63,0.678,0.718,0.45,0.106,0.434,0.497,0.559,0.677,5,1,0,6
Age and Gender,2 - 30 to 34,Knee Replacement,Oxford Knee Score,12,6.25,8.25,13,14.75,17.25,35.167,29,29.25,34.5,39.75,43,23.167,18.75,21.25,22.5,25.25,28.25,6,0,0,6
Age and Gender,2 - 35 to 39,Hip Replacement,EQ VAS,60.607,25.3,45,62.5,75.5,99.7,78.143,40,70,80,90,99.7,17.536,-10,2.75,14.5,30,57.65,64,11,9,84
Age and Gender,2 - 35 to 39,Hip Replacement,EQ-5D Index,0.288,-0.074,-0.016,0.159,0.62,0.727,0.801,0.186,0.691,0.85,1,1,0.513,-0.061,0.309,0.484,0.768,1.016,73,3,5,81
Age and Gender,2 - 35 to 39,Hip Replacement,Oxford Hip Score,17.136,5,11,16,22.25,31.3,40.125,24,37,43.5,46,48,22.989,6.35,18,23,31,36.3,85,1,2,88
Age and Gender,2 - 35 to 39,Knee Replacement,EQ VAS,53.636,20.2,31.25,52.5,76.75,89.75,70.864,28.1,67,77.5,80,90,17.227,-12.85,-3.75,10,45,50,14,2,6,22
Age and Gender,2 - 35 to 39,Knee Replacement,EQ-5D Index,0.341,-0.074,0.03,0.159,0.691,0.76,0.648,-0.181,0.587,0.689,0.883,1,0.307,-0.636,0.058,0.309,0.697,0.841,16,1,4,21
Age and Gender,2 - 35 to 39,Knee Replacement,Oxford Knee Score,18.364,9.05,14.5,18.5,22,26.95,34.455,14.35,27.25,38,43,46,16.091,-0.9,9.75,17,21.25,35,20,0,2,22
Age and Gender,2 - 40 to 44,Hip Replacement,EQ VAS,55.78,20,35,60,75,90,75.576,36,70,80,90,100,19.795,-15,5,20,40,65,156,18,31,205
Age and Gender,2 - 40 to 44,Hip Replacement,EQ-5D Index,0.303,-0.181,-0.016,0.189,0.62,0.76,0.752,0.082,0.656,0.804,1,1,0.449,-0.04,0.224,0.413,0.729,0.977,190,8,12,210
Age and Gender,2 - 40 to 44,Hip Replacement,Oxford Hip Score,16.298,4,10,16,22,29.15,38.977,19.85,34.25,43,46,48,22.679,6,16.25,22.5,30,39,217,0,1,218
Age and Gender,2 - 40 to 44,Knee Replacement,EQ VAS,58.464,13.5,40,60,79.25,96.25,70.071,36.25,56.5,75,86,95,11.607,-16.25,-3.25,10,25.25,62.5,32,8,16,56
Age and Gender,2 - 40 to 44,Knee Replacement,EQ-5D Index,0.253,-0.113,0.032,0.159,0.612,0.726,0.688,0.152,0.62,0.691,0.839,1,0.435,-0.071,0.147,0.477,0.721,0.841,46,2,6,54
Age and Gender,2 - 40 to 44,Knee Replacement,Oxford Knee Score,15.016,5,10,15.5,19,24.85,33.078,14.3,25,36,41,46,18.063,3.15,10.75,18,25.25,34,64,0,0,64
Age and Gender,2 - 45 to 49,Hip Replacement,EQ VAS,56.228,20,38.5,59.5,76.5,90,75.708,35,70,80,90,100,19.479,-20,1,17,40,65,329,25,84,438
Age and Gender,2 - 45 to 49,Hip Replacement,EQ-5D Index,0.318,-0.074,-0.003,0.26,0.62,0.727,0.774,0.084,0.689,0.814,1,1,0.456,-0.071,0.209,0.413,0.741,0.952,404,17,28,449
Age and Gender,2 - 45 to 49,Hip Replacement,Oxford Hip Score,16.456,5,11,16,22,30,39.732,18.85,35.25,43,46,48,23.276,5,17,24,31,37,466,3,9,478
Age and Gender,2 - 45 to 49,Knee Replacement,EQ VAS,56.601,15,35,60,80,90,68.957,23,55,75,90,96,12.356,-40,-4,10,30,60,177,29,75,281
Age and Gender,2 - 45 to 49,Knee Replacement,EQ-5D Index,0.275,-0.181,-0.01,0.159,0.62,0.76,0.62,-0.077,0.516,0.691,0.848,1,0.344,-0.109,0.03,0.309,0.647,0.935,217,30,40,287
Age and Gender,2 - 45 to 49,Knee Replacement,Oxford Knee Score,15.211,4,9,14,21,28,32.343,11,24,35,42,46,17.132,0,9,17,25,34.9,286,3,14,303
Age and Gender,2 - 50 to 54,Hip Replacement,EQ VAS,57.961,20,40,60,80,90.95,77.116,35,70,80,90,100,19.155,-20,1,20,35,65,738,72,172,982
Age and Gender,2 - 50 to 54,Hip Replacement,EQ-5D Index,0.307,-0.077,-0.003,0.186,0.62,0.76,0.775,0.082,0.691,0.814,1,1,0.469,-0.066,0.209,0.42,0.76,1.016,888,45,53,986
Age and Gender,2 - 50 to 54,Hip Replacement,Oxford Hip Score,16.139,5,10,15,21,30,39.829,20,36,43,47,48,23.69,6,18,25,31,38,1023,1,20,1044
Age and Gender,2 - 50 to 54,Knee Replacement,EQ VAS,60.639,20,43,61,80,95,71.483,30,60,75,90,97.95,10.844,-30,-5,10,27,52.9,641,91,290,1022
Age and Gender,2 - 50 to 54,Knee Replacement,EQ-5D Index,0.319,-0.077,0.055,0.159,0.691,0.733,0.684,0.013,0.62,0.727,0.85,1,0.366,-0.117,0.088,0.334,0.637,0.912,847,94,92,1033
Age and Gender,2 - 50 to 54,Knee Replacement,Oxford Knee Score,16.261,6,11,15,21,29,33.814,13,28,36,42,46,17.554,-1,11,18,25,33,1023,12,58,1093
Age and Gender,2 - 55 to 59,Hip Replacement,EQ VAS,60.294,20,40,61,80,95,78.419,40,70,84,90,100,18.125,-20.65,0.75,15,35,60,1146,106,276,1528
Age and Gender,2 - 55 to 59,Hip Replacement,EQ-5D Index,0.319,-0.074,-0.003,0.26,0.62,0.76,0.791,0.097,0.691,0.848,1,1,0.472,-0.032,0.225,0.413,0.768,1.016,1412,81,82,1575
Age and Gender,2 - 55 to 59,Hip Replacement,Oxford Hip Score,16.438,5,11,16,21,30,40.098,20,37,44,47,48,23.66,5,18,25,31,38,1634,10,34,1678
Age and Gender,2 - 55 to 59,Knee Replacement,EQ VAS,62.44,25,50,65,80,95,72.521,30,60,80,90,98,10.081,-30,-2,10,25,50,1139,194,470,1803
Age and Gender,2 - 55 to 59,Knee Replacement,EQ-5D Index,0.348,-0.077,0.055,0.264,0.691,0.76,0.684,-0.003,0.62,0.727,0.85,1,0.336,-0.147,0.069,0.309,0.636,0.911,1456,188,198,1842
Age and Gender,2 - 55 to 59,Knee Replacement,Oxford Knee Score,16.906,6,11,16,22,30,33.968,13,27,37,42,47,17.062,-1,10,18,25,33,1843,16,111,1970
Age and Gender,2 - 60 to 64,Hip Replacement,EQ VAS,61.007,20,45,65,80,95,78.854,40,70,82.5,90,100,17.846,-19.45,0,15,32.25,61.45,1861,216,415,2492
Age and Gender,2 - 60 to 64,Hip Replacement,EQ-5D Index,0.323,-0.074,-0.003,0.228,0.62,0.76,0.792,0.101,0.691,0.848,1,1,0.469,0,0.209,0.413,0.76,1.016,2296,134,112,2542
Age and Gender,2 - 60 to 64,Hip Replacement,Oxford Hip Score,16.896,5,11,16,22,31,40.423,21.65,37,43,47,48,23.527,5,18,25,30,38,2681,14,59,2754
Age and Gender,2 - 60 to 64,Knee Replacement,EQ VAS,64.44,27,50,70,80,95,73.816,35,60.25,80,90,98,9.376,-30,-5,10,22,50,1804,280,818,2902
Age and Gender,2 - 60 to 64,Knee Replacement,EQ-5D Index,0.371,-0.074,0.088,0.516,0.691,0.76,0.705,0.055,0.62,0.727,0.883,1,0.333,-0.105,0.069,0.309,0.603,0.872,2393,295,288,2976
Age and Gender,2 - 60 to 64,Knee Replacement,Oxford Knee Score,17.635,6,12,17,23,31,34.441,14.1,28,37,42,47,16.806,-1,10,18,24,32,2970,40,173,3183
Age and Gender,2 - 65 to 69,Hip Replacement,EQ VAS,63.284,20,50,69,80,95,78.537,40,70,80,90,100,15.253,-20,0,11,30,59,2591,271,716,3578
Age and Gender,2 - 65 to 69,Hip Replacement,EQ-5D Index,0.341,-0.074,0.055,0.516,0.656,0.76,0.808,0.383,0.691,0.848,1,1,0.466,0,0.226,0.413,0.759,1.003,3340,185,155,3680
Age and Gender,2 - 65 to 69,Hip Replacement,Oxford Hip Score,17.443,5,11,17,23,32,40.424,22,37,43,47,48,22.981,5,17,24,30,38,3873,16,83,3972
Age and Gender,2 - 65 to 69,Knee Replacement,EQ VAS,66.909,30,50,70,80,95,75.86,40,69,80,90,99,8.951,-25,-2,7,20,49,2427,436,1036,3899
Age and Gender,2 - 65 to 69,Knee Replacement,EQ-5D Index,0.394,-0.074,0.088,0.516,0.691,0.76,0.752,0.159,0.691,0.779,1,1,0.358,-0.071,0.104,0.309,0.636,0.912,3352,342,302,3996
Age and Gender,2 - 65 to 69,Knee Replacement,Oxford Knee Score,18.2,7,13,18,23,31,36.057,18,31,38,43,47,17.857,0,12,18,25,33,4103,28,189,4320
Age and Gender,2 - 70 to 74,Hip Replacement,EQ VAS,64.169,25,50,70,80,95,77.838,45,70,80,90,99,13.669,-20,0,10,26,55,3211,393,1058,4662
Age and Gender,2 - 70 to 74,Hip Replacement,EQ-5D Index,0.338,-0.074,0.055,0.364,0.656,0.727,0.8,0.487,0.691,0.814,1,1,0.462,0,0.204,0.413,0.759,1.016,4304,282,225,4811
Age and Gender,2 - 70 to 74,Hip Replacement,Oxford Hip Score,17.382,5,11,17,23,32,39.73,22,36,42,46,48,22.348,4,16,23,30,37,5150,23,113,5286
Age and Gender,2 - 70 to 74,Knee Replacement,EQ VAS,67.881,30,53,70,80,95,76.205,45,70,80,90,98,8.324,-21.95,-3,5,20,45,3105,577,1380,5062
Age and Gender,2 - 70 to 74,Knee Replacement,EQ-5D Index,0.408,-0.074,0.088,0.587,0.691,0.76,0.766,0.228,0.691,0.796,1,1,0.358,-0.071,0.104,0.309,0.636,0.899,4463,425,352,5240
Age and Gender,2 - 70 to 74,Knee Replacement,Oxford Knee Score,18.536,7,13,18,24,32,36.474,19,31,38,43,47,17.938,2,12,18,25,33,5419,43,195,5657
Age and Gender,2 - 75 to 79,Hip Replacement,EQ VAS,63,20,50,69,80,95,75.831,45,70,80,90,98,12.831,-20,0,10,26,55,2273,314,862,3449
Age and Gender,2 - 75 to 79,Hip Replacement,EQ-5D Index,0.321,-0.074,0.003,0.195,0.62,0.727,0.785,0.293,0.691,0.796,1,1,0.465,-0.033,0.192,0.413,0.763,1.016,3255,206,193,3654
Age and Gender,2 - 75 to 79,Hip Replacement,Oxford Hip Score,17.02,5,11,16,22,32,38.666,21,34,41,45,48,21.645,3,15,23,29,37,3904,21,109,4034
Age and Gender,2 - 75 to 79,Knee Replacement,EQ VAS,67.736,30,51,70,80,95,74.125,40,65,80,90,96,6.389,-27,-5,5,19,43,2010,450,1132,3592
Age and Gender,2 - 75 to 79,Knee Replacement,EQ-5D Index,0.397,-0.074,0.088,0.587,0.691,0.727,0.749,0.186,0.689,0.76,1,1,0.352,-0.071,0.104,0.309,0.636,0.897,3167,376,267,3810
Age and Gender,2 - 75 to 79,Knee Replacement,Oxford Knee Score,18.002,7,13,18,23,31,35.664,19,30,37,43,47,17.661,1,11,18,24,33,3966,29,143,4138
Age and Gender,2 - 80 to 84,Hip Replacement,EQ VAS,61.432,20,50,65,80,90,73.7,40,60,80,89,97,12.268,-25,-1,10,25,60,1469,211,580,2260
Age and Gender,2 - 80 to 84,Hip Replacement,EQ-5D Index,0.273,-0.181,-0.003,0.159,0.587,0.691,0.752,0.186,0.656,0.779,1,1,0.479,-0.013,0.205,0.502,0.759,1.016,2176,99,123,2398
Age and Gender,2 - 80 to 84,Hip Replacement,Oxford Hip Score,15.617,4,9,15,21,30,36.993,19,32,39,44,48,21.376,3,15,22,29,37,2600,14,65,2679
Age and Gender,2 - 80 to 84,Knee Replacement,EQ VAS,66.561,30,50,70,80,94,73.355,40,63.75,77,87,95,6.795,-25,-5,5,20,45,1103,253,640,1996
Age and Gender,2 - 80 to 84,Knee Replacement,EQ-5D Index,0.386,-0.074,0.088,0.516,0.691,0.76,0.75,0.195,0.691,0.76,1,1,0.364,-0.053,0.104,0.309,0.636,0.899,1790,190,135,2115
Age and Gender,2 - 80 to 84,Knee Replacement,Oxford Knee Score,17.486,6,12,17,23,31,35.462,19,30,37,42.25,47,17.976,2,11.75,18,25,33,2279,20,61,2360
Age and Gender,2 - 85 to 89,Hip Replacement,EQ VAS,60.727,20,50,65,80,90,71.85,40,60,75,85,95,11.123,-28,-2,10,25,50,541,73,221,835
Age and Gender,2 - 85 to 89,Hip Replacement,EQ-5D Index,0.241,-0.239,-0.016,0.124,0.587,0.691,0.728,0.239,0.62,0.743,0.883,1,0.488,-0.054,0.192,0.532,0.772,1.016,794,49,50,893
Age and Gender,2 - 85 to 89,Hip Replacement,Oxford Hip Score,14.636,4,8,13,20,31,36.364,21,31,38,43,47.4,21.727,3,15,23,29,37,961,5,27,993
Age and Gender,2 - 85 to 89,Knee Replacement,EQ VAS,66.336,30,50,70,80,95,72.059,40,60,75,85,95,5.722,-30,-5,5,19,44,368,72,223,663
Age and Gender,2 - 85 to 89,Knee Replacement,EQ-5D Index,0.365,-0.074,0.088,0.516,0.691,0.727,0.718,0.159,0.62,0.727,0.883,1,0.353,-0.104,0.104,0.309,0.636,0.856,574,57,60,691
Age and Gender,2 - 85 to 89,Knee Replacement,Oxford Knee Score,16.509,5,11,16,22,30,34.596,18,29,36,41.5,47,18.088,1.1,11,19,25,33,734,5,24,763
Age and Gender,2 - 90 to 120,Hip Replacement,EQ VAS,56.21,10,40,60,75,90,69.167,37.1,50,70,84.75,100,12.957,-25.75,0,10,30,51.5,93,11,34,138
Age and Gender,2 - 90 to 120,Hip Replacement,EQ-5D Index,0.169,-0.239,-0.074,0.055,0.516,0.691,0.705,0.189,0.587,0.743,0.85,1,0.536,0,0.263,0.59,0.78,1.074,131,9,6,146
Age and Gender,2 - 90 to 120,Hip Replacement,Oxford Hip Score,12.736,3,6,11,18,27.9,35.436,20.1,30.5,38,41,46,22.699,8,17.5,23,30,36,158,0,5,163
Age and Gender,2 - 90 to 120,Knee Replacement,EQ VAS,61.859,20,50,65,80,90,69.753,40,59,70,84,92.4,7.894,-34.2,-10,5,20,49,45,11,29,85
Age and Gender,2 - 90 to 120,Knee Replacement,EQ-5D Index,0.287,-0.074,0.055,0.159,0.62,0.707,0.692,0.055,0.62,0.726,0.858,1,0.406,-0.033,0.128,0.421,0.655,0.899,79,7,6,92
Age and Gender,2 - 90 to 120,Knee Replacement,Oxford Knee Score,14.131,3,8,13,18,28.1,33.545,17.8,26.5,36,40,46,19.414,2,13,20,25,35,98,0,1,99
Age and Gender,9 - 10 to 14,Hip Replacement,EQ VAS,,,,,,,,,,,,,,,,,,,,,,
Age and Gender,9 - 10 to 14,Hip Replacement,EQ-5D Index,,,,,,,,,,,,,,,,,,,,,,
Age and Gender,9 - 10 to 14,Hip Replacement,Oxford Hip Score,,,,,,,,,,,,,,,,,,,,,,
Age and Gender,9 - 10 to 14,Knee Replacement,EQ VAS,,,,,,,,,,,,,,,,,,,,,,
Age and Gender,9 - 10 to 14,Knee Replacement,EQ-5D Index,,,,,,,,,,,,,,,,,,,,,,
Age and Gender,9 - 10 to 14,Knee Replacement,Oxford Knee Score,,,,,,,,,,,,,,,,,,,,,,
Age and Gender,9 - 15 to 19,Hip Replacement,EQ VAS,,,,,,,,,,,,,,,,,,,,,,
Age and Gender,9 - 15 to 19,Hip Replacement,EQ-5D Index,,,,,,,,,,,,,,,,,,,,,,
Age and Gender,9 - 15 to 19,Hip Replacement,Oxford Hip Score,,,,,,,,,,,,,,,,,,,,,,
Age and Gender,9 - 15 to 19,Knee Replacement,EQ VAS,,,,,,,,,,,,,,,,,,,,,,
Age and Gender,9 - 15 to 19,Knee Replacement,EQ-5D Index,,,,,,,,,,,,,,,,,,,,,,
Age and Gender,9 - 15 to 19,Knee Replacement,Oxford Knee Score,,,,,,,,,,,,,,,,,,,,,,
Age and Gender,9 - 20 to 24,Hip Replacement,EQ VAS,,,,,,,,,,,,,,,,,,,,,,
Age and Gender,9 - 20 to 24,Hip Replacement,EQ-5D Index,,,,,,,,,,,,,,,,,,,,,,
Age and Gender,9 - 20 to 24,Hip Replacement,Oxford Hip Score,,,,,,,,,,,,,,,,,,,,,,
Age and Gender,9 - 20 to 24,Knee Replacement,EQ VAS,,,,,,,,,,,,,,,,,,,,,,
Age and Gender,9 - 20 to 24,Knee Replacement,EQ-5D Index,,,,,,,,,,,,,,,,,,,,,,
Age and Gender,9 - 20 to 24,Knee Replacement,Oxford Knee Score,,,,,,,,,,,,,,,,,,,,,,
Age and Gender,9 - 25 to 29,Hip Replacement,EQ VAS,,,,,,,,,,,,,,,,,,,,,,
Age and Gender,9 - 25 to 29,Hip Replacement,EQ-5D Index,,,,,,,,,,,,,,,,,,,,,,
Age and Gender,9 - 25 to 29,Hip Replacement,Oxford Hip Score,,,,,,,,,,,,,,,,,,,,,,
Age and Gender,9 - 25 to 29,Knee Replacement,EQ VAS,,,,,,,,,,,,,,,,,,,,,,
Age and Gender,9 - 25 to 29,Knee Replacement,EQ-5D Index,,,,,,,,,,,,,,,,,,,,,,
Age and Gender,9 - 25 to 29,Knee Replacement,Oxford Knee Score,,,,,,,,,,,,,,,,,,,,,,
Age and Gender,9 - 30 to 34,Hip Replacement,EQ VAS,,,,,,,,,,,,,,,,,,,,,,
Age and Gender,9 - 30 to 34,Hip Replacement,EQ-5D Index,,,,,,,,,,,,,,,,,,,,,,
Age and Gender,9 - 30 to 34,Hip Replacement,Oxford Hip Score,,,,,,,,,,,,,,,,,,,,,,
Age and Gender,9 - 30 to 34,Knee Replacement,EQ VAS,,,,,,,,,,,,,,,,,,,,,,
Age and Gender,9 - 30 to 34,Knee Replacement,EQ-5D Index,,,,,,,,,,,,,,,,,,,,,,
Age and Gender,9 - 30 to 34,Knee Replacement,Oxford Knee Score,,,,,,,,,,,,,,,,,,,,,,
Age and Gender,9 - 35 to 39,Hip Replacement,EQ VAS,,,,,,,,,,,,,,,,,,,,,,
Age and Gender,9 - 35 to 39,Hip Replacement,EQ-5D Index,,,,,,,,,,,,,,,,,,,,,,
Age and Gender,9 - 35 to 39,Hip Replacement,Oxford Hip Score,,,,,,,,,,,,,,,,,,,,,,
Age and Gender,9 - 35 to 39,Knee Replacement,EQ VAS,,,,,,,,,,,,,,,,,,,,,,
Age and Gender,9 - 35 to 39,Knee Replacement,EQ-5D Index,,,,,,,,,,,,,,,,,,,,,,
Age and Gender,9 - 35 to 39,Knee Replacement,Oxford Knee Score,,,,,,,,,,,,,,,,,,,,,,
Age and Gender,9 - 40 to 44,Hip Replacement,EQ VAS,,,,,,,,,,,,,,,,,,,,,,
Age and Gender,9 - 40 to 44,Hip Replacement,EQ-5D Index,,,,,,,,,,,,,,,,,,,,,,
Age and Gender,9 - 40 to 44,Hip Replacement,Oxford Hip Score,,,,,,,,,,,,,,,,,,,,,,
Age and Gender,9 - 40 to 44,Knee Replacement,EQ VAS,,,,,,,,,,,,,,,,,,,,,,
Age and Gender,9 - 40 to 44,Knee Replacement,EQ-5D Index,,,,,,,,,,,,,,,,,,,,,,
Age and Gender,9 - 40 to 44,Knee Replacement,Oxford Knee Score,,,,,,,,,,,,,,,,,,,,,,
Age and Gender,9 - 45 to 49,Hip Replacement,EQ VAS,,,,,,,,,,,,,,,,,,,,,,
Age and Gender,9 - 45 to 49,Hip Replacement,EQ-5D Index,,,,,,,,,,,,,,,,,,,,,,
Age and Gender,9 - 45 to 49,Hip Replacement,Oxford Hip Score,,,,,,,,,,,,,,,,,,,,,,
Age and Gender,9 - 45 to 49,Knee Replacement,EQ VAS,,,,,,,,,,,,,,,,,,,,,,
Age and Gender,9 - 45 to 49,Knee Replacement,EQ-5D Index,,,,,,,,,,,,,,,,,,,,,,
Age and Gender,9 - 45 to 49,Knee Replacement,Oxford Knee Score,,,,,,,,,,,,,,,,,,,,,,
Age and Gender,9 - 50 to 54,Hip Replacement,EQ VAS,,,,,,,,,,,,,,,,,,,,,,
Age and Gender,9 - 50 to 54,Hip Replacement,EQ-5D Index,,,,,,,,,,,,,,,,,,,,,,
Age and Gender,9 - 50 to 54,Hip Replacement,Oxford Hip Score,,,,,,,,,,,,,,,,,,,,,,
Age and Gender,9 - 50 to 54,Knee Replacement,EQ VAS,,,,,,,,,,,,,,,,,,,,,,
Age and Gender,9 - 50 to 54,Knee Replacement,EQ-5D Index,,,,,,,,,,,,,,,,,,,,,,
Age and Gender,9 - 50 to 54,Knee Replacement,Oxford Knee Score,,,,,,,,,,,,,,,,,,,,,,
Age and Gender,9 - 55 to 59,Hip Replacement,EQ VAS,,,,,,,,,,,,,,,,,,,,,,
Age and Gender,9 - 55 to 59,Hip Replacement,EQ-5D Index,,,,,,,,,,,,,,,,,,,,,,
Age and Gender,9 - 55 to 59,Hip Replacement,Oxford Hip Score,,,,,,,,,,,,,,,,,,,,,,
Age and Gender,9 - 55 to 59,Knee Replacement,EQ VAS,,,,,,,,,,,,,,,,,,,,,,
Age and Gender,9 - 55 to 59,Knee Replacement,EQ-5D Index,,,,,,,,,,,,,,,,,,,,,,
Age and Gender,9 - 55 to 59,Knee Replacement,Oxford Knee Score,,,,,,,,,,,,,,,,,,,,,,
Age and Gender,9 - 60 to 64,Hip Replacement,EQ VAS,65,65,65,65,65,65,90,90,90,90,90,90,25,25,25,25,25,25,1,0,0,1
Age and Gender,9 - 60 to 64,Hip Replacement,EQ-5D Index,0.691,0.691,0.691,0.691,0.691,0.691,1,1,1,1,1,1,0.309,0.309,0.309,0.309,0.309,0.309,1,0,0,1
Age and Gender,9 - 60 to 64,Hip Replacement,Oxford Hip Score,31,31,31,31,31,31,48,48,48,48,48,48,17,17,17,17,17,17,1,0,0,1
Age and Gender,9 - 60 to 64,Knee Replacement,EQ VAS,,,,,,,,,,,,,,,,,,,,,,
Age and Gender,9 - 60 to 64,Knee Replacement,EQ-5D Index,,,,,,,,,,,,,,,,,,,,,,
Age and Gender,9 - 60 to 64,Knee Replacement,Oxford Knee Score,,,,,,,,,,,,,,,,,,,,,,
Age and Gender,9 - 65 to 69,Hip Replacement,EQ VAS,,,,,,,,,,,,,,,,,,,,,,
Age and Gender,9 - 65 to 69,Hip Replacement,EQ-5D Index,,,,,,,,,,,,,,,,,,,,,,
Age and Gender,9 - 65 to 69,Hip Replacement,Oxford Hip Score,,,,,,,,,,,,,,,,,,,,,,
Age and Gender,9 - 65 to 69,Knee Replacement,EQ VAS,,,,,,,,,,,,,,,,,,,,,,
Age and Gender,9 - 65 to 69,Knee Replacement,EQ-5D Index,,,,,,,,,,,,,,,,,,,,,,
Age and Gender,9 - 65 to 69,Knee Replacement,Oxford Knee Score,,,,,,,,,,,,,,,,,,,,,,
Age and Gender,9 - 70 to 74,Hip Replacement,EQ VAS,,,,,,,,,,,,,,,,,,,,,,
Age and Gender,9 - 70 to 74,Hip Replacement,EQ-5D Index,,,,,,,,,,,,,,,,,,,,,,
Age and Gender,9 - 70 to 74,Hip Replacement,Oxford Hip Score,,,,,,,,,,,,,,,,,,,,,,
Age and Gender,9 - 70 to 74,Knee Replacement,EQ VAS,,,,,,,,,,,,,,,,,,,,,,
Age and Gender,9 - 70 to 74,Knee Replacement,EQ-5D Index,,,,,,,,,,,,,,,,,,,,,,
Age and Gender,9 - 70 to 74,Knee Replacement,Oxford Knee Score,,,,,,,,,,,,,,,,,,,,,,
Age and Gender,9 - 75 to 79,Hip Replacement,EQ VAS,,,,,,,,,,,,,,,,,,,,,,
Age and Gender,9 - 75 to 79,Hip Replacement,EQ-5D Index,,,,,,,,,,,,,,,,,,,,,,
Age and Gender,9 - 75 to 79,Hip Replacement,Oxford Hip Score,,,,,,,,,,,,,,,,,,,,,,
Age and Gender,9 - 75 to 79,Knee Replacement,EQ VAS,,,,,,,,,,,,,,,,,,,,,,
Age and Gender,9 - 75 to 79,Knee Replacement,EQ-5D Index,,,,,,,,,,,,,,,,,,,,,,
Age and Gender,9 - 75 to 79,Knee Replacement,Oxford Knee Score,,,,,,,,,,,,,,,,,,,,,,
Age and Gender,9 - 80 to 84,Hip Replacement,EQ VAS,,,,,,,,,,,,,,,,,,,,,,
Age and Gender,9 - 80 to 84,Hip Replacement,EQ-5D Index,,,,,,,,,,,,,,,,,,,,,,
Age and Gender,9 - 80 to 84,Hip Replacement,Oxford Hip Score,,,,,,,,,,,,,,,,,,,,,,
Age and Gender,9 - 80 to 84,Knee Replacement,EQ VAS,,,,,,,,,,,,,,,,,,,,,,
Age and Gender,9 - 80 to 84,Knee Replacement,EQ-5D Index,,,,,,,,,,,,,,,,,,,,,,
Age and Gender,9 - 80 to 84,Knee Replacement,Oxford Knee Score,,,,,,,,,,,,,,,,,,,,,,
Age and Gender,9 - 85 to 89,Hip Replacement,EQ VAS,,,,,,,,,,,,,,,,,,,,,,
Age and Gender,9 - 85 to 89,Hip Replacement,EQ-5D Index,,,,,,,,,,,,,,,,,,,,,,
Age and Gender,9 - 85 to 89,Hip Replacement,Oxford Hip Score,,,,,,,,,,,,,,,,,,,,,,
Age and Gender,9 - 85 to 89,Knee Replacement,EQ VAS,,,,,,,,,,,,,,,,,,,,,,
Age and Gender,9 - 85 to 89,Knee Replacement,EQ-5D Index,,,,,,,,,,,,,,,,,,,,,,
Age and Gender,9 - 85 to 89,Knee Replacement,Oxford Knee Score,,,,,,,,,,,,,,,,,,,,,,
Age and Gender,9 - 90 to 120,Hip Replacement,EQ VAS,,,,,,,,,,,,,,,,,,,,,,
Age and Gender,9 - 90 to 120,Hip Replacement,EQ-5D Index,,,,,,,,,,,,,,,,,,,,,,
Age and Gender,9 - 90 to 120,Hip Replacement,Oxford Hip Score,,,,,,,,,,,,,,,,,,,,,,
Age and Gender,9 - 90 to 120,Knee Replacement,EQ VAS,,,,,,,,,,,,,,,,,,,,,,
Age and Gender,9 - 90 to 120,Knee Replacement,EQ-5D Index,,,,,,,,,,,,,,,,,,,,,,
Age and Gender,9 - 90 to 120,Knee Replacement,Oxford Knee Score,,,,,,,,,,,,,,,,,,,,,,
Disability,1,Hip Replacement,EQ VAS,57.43,20,40,60,75,90,72.936,35,60,78,90,98,15.506,-25,0,13,30,60,11919,1308,3803,17030
Disability,1,Hip Replacement,EQ-5D Index,0.235,-0.181,-0.016,0.088,0.587,0.691,0.738,0.088,0.62,0.779,1,1,0.502,-0.013,0.228,0.532,0.793,1.016,15851,913,900,17664
Disability,1,Hip Replacement,Oxford Hip Score,14.69,4,9,14,19,28,37.758,19,33,40,45,48,23.067,4,17,24,31,38,18825,99,443,19367
Disability,1,Knee Replacement,EQ VAS,62.046,25,50,65,80,90,70.217,30,60,75,85,95,8.172,-30,-5,6,20,50,10564,1832,5357,17753
Disability,1,Knee Replacement,EQ-5D Index,0.31,-0.077,0.055,0.159,0.62,0.691,0.686,0.055,0.587,0.708,0.85,1,0.376,-0.104,0.104,0.38,0.637,0.912,15113,1690,1565,18368
Disability,1,Knee Replacement,Oxford Knee Score,16.085,6,11,16,21,28,33.993,15,28,36,42,47,17.908,0,11,18,25,34,18798,187,870,19855
Disability,2,Hip Replacement,EQ VAS,69.657,30,60,75,85,95,82.211,50,75,85,90,100,12.554,-16,0,10,24,50,11188,1562,3408,16158
Disability,2,Hip Replacement,EQ-5D Index,0.455,-0.016,0.159,0.587,0.691,0.796,0.865,0.587,0.76,1,1,1,0.41,0,0.204,0.309,0.639,0.945,15042,802,783,16627
Disability,2,Hip Replacement,Oxford Hip Score,20.63,8,15,20,26,35,42.142,27,40,44,47,48,21.511,4,15,22,29,36,17266,89,403,17758
Disability,2,Knee Replacement,EQ VAS,73.158,40,63,77,85,95,80.15,50,75,81,90,99,6.992,-20,-3,5,15,40,11683,2573,5463,19719
Disability,2,Knee Replacement,EQ-5D Index,0.514,0.03,0.159,0.691,0.691,0.796,0.814,0.516,0.691,0.796,1,1,0.3,-0.071,0.069,0.273,0.532,0.841,16846,1831,1647,20324
Disability,2,Knee Replacement,Oxford Knee Score,21.842,10,17,22,27,34,38.468,22,34,41,45,48,16.625,0,11,17,23,32,20299,190,937,21426
Disability,9,Hip Replacement,EQ VAS,66.138,25,50,70,80,95,79.299,50,70,80,90,100,13.161,-20,0,10,25,55,1220,196,362,1778
Disability,9,Hip Replacement,EQ-5D Index,0.39,-0.074,0.055,0.516,0.691,0.76,0.822,0.516,0.691,0.85,1,1,0.432,-0.033,0.192,0.38,0.714,1.003,1772,103,103,1978
Disability,9,Hip Replacement,Oxford Hip Score,19.219,6,13,19,25,34,40.422,23,37,43,47,48,21.203,3,15,22,29,37,2092,11,68,2171
Disability,9,Knee Replacement,EQ VAS,67.7,30,50,70,85,95,74.722,40,65,80,90,96,7.022,-27,-5,5,20,45,732,158,397,1287
Disability,9,Knee Replacement,EQ-5D Index,0.393,-0.074,0.088,0.516,0.691,0.76,0.738,0.088,0.62,0.76,1,1,0.345,-0.104,0.071,0.309,0.632,0.899,1214,137,131,1482
Disability,9,Knee Replacement,Oxford Knee Score,18.469,7,13,18,23,32,35.415,15,30,37.5,43,47,16.946,-1,10,18,24,33,1594,8,90,1692
Ethnicity,99,Hip Replacement,EQ VAS,65.531,25,50,70,80,95,80.642,50,75,85,90,100,15.111,-20,0,10,30,59.2,1089,148,292,1529
Ethnicity,99,Hip Replacement,EQ-5D Index,0.379,-0.074,0.055,0.516,0.691,0.76,0.836,0.516,0.727,0.883,1,1,0.457,0,0.222,0.413,0.74,1.016,1442,61,63,1566
Ethnicity,99,Hip Replacement,Oxford Hip Score,18.45,6,12,18,24,33,41.162,24,38,44,47,48,22.712,5,17,23,30,38,1640,11,36,1687
Ethnicity,99,Knee Replacement,EQ VAS,71.155,30,60,75,85,95,77.454,40,70,80,90,98,6.298,-25,-5,5,15,40,756,176,393,1325
Ethnicity,99,Knee Replacement,EQ-5D Index,0.439,-0.074,0.159,0.62,0.691,0.76,0.767,0.189,0.691,0.796,1,1,0.327,-0.102,0.088,0.309,0.601,0.864,1131,119,107,1357
Ethnicity,99,Knee Replacement,Oxford Knee Score,19.631,7,14,19,25,33,37.049,20,32,39,44,47,17.419,1,11,18,24,33,1391,12,52,1455
Ethnicity,A,Hip Replacement,EQ VAS,63.382,20,50,70,80,95,77.16,40,70,80,90,99,13.778,-20,0,10,28,57,19598,2467,6253,28318
Ethnicity,A,Hip Replacement,EQ-5D Index,0.339,-0.074,0.055,0.364,0.62,0.76,0.795,0.204,0.691,0.815,1,1,0.456,-0.002,0.204,0.413,0.741,1.016,26365,1533,1477,29375
Ethnicity,A,Hip Replacement,Oxford Hip Score,17.449,5,11,17,23,32,39.703,21,36,43,46,48,22.254,4,16,23,30,37,30858,161,765,31784
Ethnicity,A,Knee Replacement,EQ VAS,67.909,30,52,70,80,95,75.364,40,68,80,90,97,7.455,-25,-5,5,20,45,18188,3594,8966,30748
Ethnicity,A,Knee Replacement,EQ-5D Index,0.415,-0.074,0.088,0.587,0.691,0.76,0.752,0.159,0.691,0.796,1,1,0.337,-0.104,0.071,0.309,0.603,0.899,26257,2886,2644,31787
Ethnicity,A,Knee Replacement,Oxford Knee Score,19.025,7,13,19,24,32,36.338,18,31,39,44,47,17.313,0,11,18,24,33,32218,301,1458,33977
Ethnicity,B,Hip Replacement,EQ VAS,62.394,20.75,50,69,80,92.75,73.579,40,64.75,79,90,95,11.185,-27.75,-1,10,25.5,55,138,22,56,216
Ethnicity,B,Hip Replacement,EQ-5D Index,0.345,-0.075,0.03,0.516,0.691,0.76,0.779,0.246,0.691,0.796,1,1,0.434,-0.068,0.173,0.413,0.708,1,186,17,14,217
Ethnicity,B,Hip Replacement,Oxford Hip Score,17.866,5,12,16,23,34,37.776,18,32,40,46,48,19.909,2.65,12,20,28,36,246,0,8,254
Ethnicity,B,Knee Replacement,EQ VAS,69.146,30,55,70,84,95,73.606,30,65,80,90,98,4.46,-34.4,-5,5,15,40,117,25,71,213
Ethnicity,B,Knee Replacement,EQ-5D Index,0.435,-0.016,0.159,0.587,0.691,0.76,0.75,0.2,0.691,0.76,1,1,0.314,-0.109,0.071,0.309,0.601,0.841,186,13,25,224
Ethnicity,B,Knee Replacement,Oxford Knee Score,19.352,7,14,19,24,33,35.585,16,32,38,43,47,16.233,-1,9,17,24,31.4,234,3,16,253
Ethnicity,C,Hip Replacement,EQ VAS,63.054,20,50,66,80,95,75.68,40,69,80,90,100,12.626,-20,-1,10,25,50,397,61,154,612
Ethnicity,C,Hip Replacement,EQ-5D Index,0.356,-0.181,0.055,0.516,0.691,0.76,0.787,0.293,0.691,0.812,1,1,0.431,-0.033,0.176,0.367,0.694,1.016,565,27,33,625
Ethnicity,C,Hip Replacement,Oxford Hip Score,18.349,5,12,18,24,33,38.991,20,34,42,46,48,20.642,2,14,22,28,36,672,3,18,693
Ethnicity,C,Knee Replacement,EQ VAS,66.453,25.2,50,70,80,95,73.835,38,65,79,90,97,7.383,-30,-5,5,20,42.7,379,64,200,643
Ethnicity,C,Knee Replacement,EQ-5D Index,0.403,-0.077,0.088,0.587,0.691,0.76,0.739,0.159,0.62,0.779,1,1,0.336,-0.071,0.071,0.309,0.597,0.871,559,60,48,667
Ethnicity,C,Knee Replacement,Oxford Knee Score,18.879,6,13,19,25,32.85,35.571,17,30,37,43,47,16.692,0,10,17,23,32,662,8,34,704
Ethnicity,D,Hip Replacement,EQ VAS,54.444,18.5,26.25,50,83.75,91.5,75,50,65,77.5,90,95.45,20.556,-10.75,1.25,11.5,40,55,13,3,2,18
Ethnicity,D,Hip Replacement,EQ-5D Index,0.417,-0.09,0.055,0.62,0.691,0.701,0.797,0.494,0.691,0.796,1,1,0.38,0.102,0.257,0.311,0.532,0.654,19,0,0,19
Ethnicity,D,Hip Replacement,Oxford Hip Score,18.944,5.4,14.25,19.5,25.5,27.3,37.556,18.1,33,43,46,48,18.611,6.2,12.5,19.5,25.5,29.9,17,0,1,18
Ethnicity,D,Knee Replacement,EQ VAS,56.333,15.5,40,65,70,84.5,74.933,38.5,72.5,80,85,94.3,18.6,-16,0,15,29.5,66,10,3,2,15
Ethnicity,D,Knee Replacement,EQ-5D Index,0.291,-0.09,0.019,0.159,0.655,0.691,0.567,0.082,0.516,0.62,0.709,1,0.276,-0.107,0,0.309,0.532,0.644,13,4,2,19
Ethnicity,D,Knee Replacement,Oxford Knee Score,15.619,6,11,14,23,26,29.667,11,24,30,39,44,14.048,0,6,15,19,33,18,2,1,21
Ethnicity,E,Hip Replacement,EQ VAS,45.8,14,30,36,70,80.4,70,50,50,75,80,92,24.2,10.4,12,20,39,39.8,5,0,0,5
Ethnicity,E,Hip Replacement,EQ-5D Index,0.116,-0.16,-0.074,-0.016,0.159,0.585,0.732,0.276,0.623,0.848,1,1,0.616,0.321,0.37,0.639,0.689,0.997,5,0,0,5
Ethnicity,E,Hip Replacement,Oxford Hip Score,11.286,3.2,6.5,7,14.5,25.9,39.143,25.5,36.5,40,46,47.7,27.857,15.5,19.5,30,35.5,39.8,7,0,0,7
Ethnicity,E,Knee Replacement,EQ VAS,65.706,29,55,70,75,91.6,76.176,46,70,75,85,100,10.471,-13,0,5,17,43,12,2,3,17
Ethnicity,E,Knee Replacement,EQ-5D Index,0.425,-0.028,0.101,0.587,0.691,0.753,0.713,0.429,0.587,0.796,0.796,1,0.288,-0.089,0.105,0.194,0.59,0.749,14,2,1,17
Ethnicity,E,Knee Replacement,Oxford Knee Score,16.316,9,11,15,21,25.9,33.368,18.3,28.5,34,41.5,44.3,17.053,5.7,9.5,18,22,32.3,19,0,0,19
Ethnicity,F,Hip Replacement,EQ VAS,59.429,31.25,41.25,55,77.5,91.75,73.643,53.9,70,73,79.75,94.8,14.214,-19.2,5.25,15,27.5,43.1,11,0,3,14
Ethnicity,F,Hip Replacement,EQ-5D Index,0.361,-0.033,0.026,0.516,0.656,0.722,0.733,0.418,0.621,0.76,0.848,1,0.373,-0.104,0.095,0.309,0.68,0.856,12,0,3,15
Ethnicity,F,Hip Replacement,Oxford Hip Score,15.889,7.7,12,15,18.75,28.5,37.278,15.55,31.75,41,46.5,48,21.389,-5,12,27,29,35.9,16,0,2,18
Ethnicity,F,Knee Replacement,EQ VAS,67.364,30.5,52.5,70,80,94.75,68.045,24.05,45,77.5,90,98.8,0.682,-39,-12.5,4,13.75,24.75,12,2,8,22
Ethnicity,F,Knee Replacement,EQ-5D Index,0.426,-0.016,0.088,0.587,0.691,0.691,0.656,0.037,0.587,0.725,0.796,1,0.23,-0.253,0,0.192,0.532,0.769,18,3,4,25
Ethnicity,F,Knee Replacement,Oxford Knee Score,17.593,6.6,12.5,16,23,31.1,30.667,7,20.5,36,42,46.1,13.074,-10.3,6.5,12,23,32.7,23,0,4,27
Ethnicity,G,Hip Replacement,EQ VAS,59.737,24,50,65,75,80.7,76.842,54.5,70,80,87,94.3,17.105,-11.1,1,14,24,61.9,14,0,5,19
Ethnicity,G,Hip Replacement,EQ-5D Index,0.351,-0.074,-0.003,0.44,0.638,0.694,0.753,0.079,0.673,0.805,1,1,0.403,-0.123,0.103,0.345,0.731,0.895,17,1,2,20
Ethnicity,G,Hip Replacement,Oxford Hip Score,17.429,6,11,18,24,29,36.476,14,36,39,46,48,19.048,4,12,19,29,34,20,0,1,21
Ethnicity,G,Knee Replacement,EQ VAS,58.609,3.5,47.5,60,73.5,94.8,68.043,45.5,59,65,80,91.8,9.435,-18.6,-7.5,10,20,43.5,13,2,8,23
Ethnicity,G,Knee Replacement,EQ-5D Index,0.348,-0.105,-0.016,0.516,0.689,0.76,0.589,0.004,0.516,0.656,0.796,1,0.241,-0.29,0,0.195,0.484,0.706,16,6,3,25
Ethnicity,G,Knee Replacement,Oxford Knee Score,17.37,5.9,10.5,15,21.5,33.8,30.259,12.3,24.5,32,38,46.4,12.889,0,3,10,20,31.7,24,2,1,27
Ethnicity,H,Hip Replacement,EQ VAS,53.557,12.25,32,52.5,70,95.5,72.243,44.5,60,75,85.75,94.55,18.686,-15.5,0,10,38.75,65,50,8,12,70
Ethnicity,H,Hip Replacement,EQ-5D Index,0.247,-0.181,-0.016,0.067,0.587,0.739,0.693,0.171,0.587,0.727,0.814,1,0.445,-0.014,0.105,0.526,0.742,0.945,63,6,5,74
Ethnicity,H,Hip Replacement,Oxford Hip Score,15.947,4,8,14,22,31.5,35.289,16.5,28.75,38,44,48,19.342,1.75,13,19.5,27.25,36.25,73,1,2,76
Ethnicity,H,Knee Replacement,EQ VAS,59.294,20,50,60,75,90,66.468,30,51,70,80,90,7.174,-30,-6,6,20,50,298,60,159,517
Ethnicity,H,Knee Replacement,EQ-5D Index,0.331,-0.131,-0.003,0.364,0.691,0.727,0.644,-0.016,0.587,0.691,0.796,1,0.313,-0.202,0.033,0.309,0.603,0.894,443,59,87,589
Ethnicity,H,Knee Replacement,Oxford Knee Score,16.035,5,10,15,21,31,30.014,12,24,30,37,45,13.979,-3,7,14,21,31,563,9,55,627
Ethnicity,J,Hip Replacement,EQ VAS,44.154,4.75,30,35,63.75,95,64.038,22.5,43.25,62.5,90,95,19.885,-13.75,0,10.5,35.25,75,18,2,6,26
Ethnicity,J,Hip Replacement,EQ-5D Index,0.04,-0.437,-0.101,-0.074,0.184,0.62,0.458,-0.146,0.068,0.516,0.714,1,0.418,-0.223,0.156,0.403,0.721,1.048,22,0,6,28
Ethnicity,J,Hip Replacement,Oxford Hip Score,11.69,4.4,6,9,16,28.4,29.345,9.2,22,28,38,46.6,17.655,-0.2,11,17,22,36.8,27,0,2,29
Ethnicity,J,Knee Replacement,EQ VAS,50.836,15,40,50,68,83,60.459,25,50,60,75,90,9.623,-30,-5,10,30,50,88,18,40,146
Ethnicity,J,Knee Replacement,EQ-5D Index,0.191,-0.321,-0.016,0.088,0.587,0.691,0.605,-0.016,0.516,0.63,0.76,1,0.413,-0.206,0.066,0.492,0.707,0.994,132,17,19,168
Ethnicity,J,Knee Replacement,Oxford Knee Score,13.469,4,8,12,18,27.2,28.52,9.8,21,30,37,45.2,15.051,-4,8,15,23,32,160,0,17,177
Ethnicity,K,Hip Replacement,EQ VAS,51,31.5,37.5,47.5,61,75.4,85,80.75,83.75,85,86.25,89.25,34,10.35,27.75,37.5,43.75,52.75,4,0,0,4
Ethnicity,K,Hip Replacement,EQ-5D Index,0.065,-0.013,-0.003,-0.003,0.159,0.183,0.847,0.726,0.796,0.848,0.883,0.977,0.782,0.672,0.724,0.799,0.841,0.877,5,0,0,5
Ethnicity,K,Hip Replacement,Oxford Hip Score,15.6,9.2,14,16,17,21.8,43,34.4,40,47,47,47.8,27.4,18.6,25,30,32,32.8,5,0,0,5
Ethnicity,K,Knee Replacement,EQ VAS,53.429,32.55,41.25,50,60,80,64.857,50,50,64,70,91.75,11.429,-3.5,8.5,10,15,26.55,12,1,1,14
Ethnicity,K,Knee Replacement,EQ-5D Index,0.018,-0.403,-0.181,0.03,0.088,0.586,0.545,0.041,0.516,0.62,0.691,0.774,0.526,0.065,0.461,0.565,0.705,0.827,13,0,0,13
Ethnicity,K,Knee Replacement,Oxford Knee Score,13.588,3.8,10,15,17,22.6,26.765,12.2,22,24,35,39.8,13.176,2.6,7,11,20,26.6,17,0,0,17
Ethnicity,L,Hip Replacement,EQ VAS,55.583,25.75,43.75,60,70,74.25,72.458,40,61.25,80,90,95.1,16.875,-17,5,12.5,27.75,53.4,19,3,2,24
Ethnicity,L,Hip Replacement,EQ-5D Index,0.316,-0.134,0.055,0.364,0.587,0.739,0.713,0.189,0.552,0.796,1,1,0.397,0,0.156,0.413,0.595,0.864,23,3,1,27
Ethnicity,L,Hip Replacement,Oxford Hip Score,16.903,6,9.5,16,20,35.5,34.548,12.5,28,36,45.5,48,17.645,0,11.5,20,24,31.5,29,0,2,31
Ethnicity,L,Knee Replacement,EQ VAS,62.775,30,50,70,80,90,70.883,42.5,60,70,85,96.5,8.108,-30,-5.5,10,21.5,42.5,65,13,33,111
Ethnicity,L,Knee Replacement,EQ-5D Index,0.361,-0.181,0.055,0.516,0.691,0.727,0.678,0.005,0.62,0.691,0.805,1,0.317,-0.11,0.036,0.273,0.613,0.868,94,14,15,123
Ethnicity,L,Knee Replacement,Oxford Knee Score,16.787,6,12,16,22,27.25,30.963,13.75,24,32,39,44.25,14.176,-3,8,13.5,21,30.25,126,1,9,136
Ethnicity,M,Hip Replacement,EQ VAS,54.867,17,40,50,70,90,71.08,30,55,80,90,95,16.213,-30,0,15,36,60.6,54,6,15,75
Ethnicity,M,Hip Replacement,EQ-5D Index,0.234,-0.22,-0.016,0.106,0.587,0.691,0.71,0.218,0.587,0.691,1,1,0.475,-0.104,0.119,0.526,0.771,1.059,74,6,8,88
Ethnicity,M,Hip Replacement,Oxford Hip Score,15.064,5.65,9,14,20,27.7,35.372,16.65,30,37,43.75,48,20.309,0,13.25,23,29,34.35,88,2,4,94
Ethnicity,M,Knee Replacement,EQ VAS,61.445,20,50,60,80,90,69,33.5,55,70,80,98,7.555,-30,-8,5,20,53.25,69,17,42,128
Ethnicity,M,Knee Replacement,EQ-5D Index,0.328,-0.074,0.055,0.192,0.691,0.727,0.622,-0.03,0.516,0.691,0.769,1,0.294,-0.184,0,0.211,0.636,0.841,94,20,22,136
Ethnicity,M,Knee Replacement,Oxford Knee Score,16.519,5,10,16.5,21,29.35,29.506,10,21,30,39,45,12.987,-6.35,5.25,13.5,21.75,30,132,2,20,154
Ethnicity,N,Hip Replacement,EQ VAS,60.281,22.75,40,66,76,94.5,83,53.2,75,90,95,100,22.719,-34.15,5,22.5,41.25,64.35,25,1,6,32
Ethnicity,N,Hip Replacement,EQ-5D Index,0.238,-0.074,-0.016,0.123,0.587,0.762,0.75,0.487,0.62,0.778,1,1,0.511,-0.073,0.201,0.665,0.813,0.948,34,1,5,40
Ethnicity,N,Hip Replacement,Oxford Hip Score,15.425,4.95,7,14.5,20.25,28.25,36.05,17.7,29,37,46.25,48,20.625,-8.05,12.75,22,30.25,39.05,36,1,3,40
Ethnicity,N,Knee Replacement,EQ VAS,63.37,30,50,65,80,95,70.08,39.95,60,70,85,95,6.71,-25,-5,10,20,30.1,64,7,29,100
Ethnicity,N,Knee Replacement,EQ-5D Index,0.268,-0.239,-0.016,0.159,0.62,0.727,0.636,-0.016,0.587,0.691,0.796,1,0.368,-0.071,0.071,0.369,0.636,0.841,86,10,12,108
Ethnicity,N,Knee Replacement,Oxford Knee Score,14.588,5,9.5,13,19,30.1,28.58,11,19,29,37,46,13.992,-1.1,8.5,13,21,29.2,109,2,8,119
Ethnicity,P,Hip Replacement,EQ VAS,58.296,9.5,35,60,85,97.4,76.185,25.4,72.5,84,95,95,17.889,-15,-0.5,10,40,53.5,18,2,7,27
Ethnicity,P,Hip Replacement,EQ-5D Index,0.305,-0.161,0.01,0.174,0.647,0.727,0.731,0.01,0.62,0.778,1,1,0.427,-0.165,0.248,0.456,0.68,0.912,22,1,3,26
Ethnicity,P,Hip Replacement,Oxford Hip Score,17.063,5.55,10,13.5,27,33.8,35.563,11.75,28.75,41,45,47.45,18.5,-4.25,12,18.5,28.5,36.45,29,0,3,32
Ethnicity,P,Knee Replacement,EQ VAS,71.727,46,60,70,84,100,73.061,31,60,80,90,100,1.333,-33.6,-10,0,19,34,16,5,12,33
Ethnicity,P,Knee Replacement,EQ-5D Index,0.421,-0.207,0.055,0.587,0.691,0.727,0.695,0.516,0.612,0.691,0.796,1,0.274,-0.077,0.035,0.105,0.547,0.935,26,3,3,32
Ethnicity,P,Knee Replacement,Oxford Knee Score,15.694,4,10,16.5,20.5,27.25,31.194,16.5,24.75,32.5,37,46,15.5,-0.5,8,17,21.5,28.75,33,1,2,36
Ethnicity,R,Hip Replacement,EQ VAS,69.667,48.75,62.5,72.5,78.75,86,65.833,50,52.5,65,77.5,83.75,-3.833,-23.75,-17.5,-6.5,10.5,18.75,2,0,4,6
Ethnicity,R,Hip Replacement,EQ-5D Index,0.458,-0.013,0.17,0.691,0.691,0.691,0.601,0.127,0.542,0.665,0.747,0.94,0.143,-0.131,0.005,0.044,0.249,0.554,4,1,1,6
Ethnicity,R,Hip Replacement,Oxford Hip Score,21.333,12,16.75,22.5,25.25,29.75,37.667,26.25,36.75,40,41.75,44.25,16.333,2.5,11.5,18.5,22.5,26.75,5,1,0,6
Ethnicity,R,Knee Replacement,EQ VAS,66.607,40,53.75,70,80,83.6,72.429,46.75,60,77.5,80,95,5.821,-23.6,-5,5,16,33.25,15,5,8,28
Ethnicity,R,Knee Replacement,EQ-5D Index,0.511,-0.016,0.44,0.62,0.691,0.778,0.734,0.404,0.656,0.76,0.796,1,0.223,-0.214,0,0.121,0.344,0.938,22,5,4,31
Ethnicity,R,Knee Replacement,Oxford Knee Score,19.032,7.5,13,18,25,28.5,35.258,22,30,36,41.5,44.5,16.226,1,11,15,23,34,29,1,1,31
Ethnicity,S,Hip Replacement,EQ VAS,54.505,20,35,55,75,90,74.814,37.4,70,80,90,95.4,20.309,-18.4,5,20,40,60,75,3,19,97
Ethnicity,S,Hip Replacement,EQ-5D Index,0.272,-0.181,-0.01,0.159,0.587,0.73,0.771,0.183,0.689,0.796,1,1,0.5,-0.004,0.207,0.484,0.786,1.016,87,7,5,99
Ethnicity,S,Hip Replacement,Oxford Hip Score,16.661,6,11,16,23,31,37.625,16,32,40.5,45.25,48,20.964,0.55,14,23,30,37,106,1,5,112
Ethnicity,S,Knee Replacement,EQ VAS,63.301,25,50,65,80,90,71.846,38.75,60,75,85,95,8.545,-26.25,-5,5,20,49.25,95,18,43,156
Ethnicity,S,Knee Replacement,EQ-5D Index,0.326,-0.181,0.036,0.209,0.689,0.718,0.703,0.159,0.62,0.691,0.837,1,0.377,-0.104,0.105,0.413,0.636,0.912,138,13,15,166
Ethnicity,S,Knee Replacement,Oxford Knee Score,16.755,7,10,16,22,30,32.09,13.35,24,34,41,47,15.335,-4,8,16,24,32,167,2,19,188
Ethnicity,Z,Hip Replacement,EQ VAS,64.818,23,50,70,80,95,80.084,50,75,85,90,100,15.266,-17,0,10,30,58,2797,340,737,3874
Ethnicity,Z,Hip Replacement,EQ-5D Index,0.379,-0.074,0.055,0.516,0.691,0.76,0.84,0.516,0.727,0.883,1,1,0.461,0,0.227,0.413,0.743,1.016,3720,154,160,4034
Ethnicity,Z,Hip Replacement,Oxford Hip Score,18.637,6,13,18,24,33,41.428,25,39,44,47,48,22.792,6,17,24,30,37,4309,18,62,4389
Ethnicity,Z,Knee Replacement,EQ VAS,69.144,30,60,71,82,95,77.696,45,70,80,90,98,8.552,-20,-2,5,20,45,2770,551,1199,4520
Ethnicity,Z,Knee Replacement,EQ-5D Index,0.45,-0.016,0.159,0.62,0.691,0.76,0.786,0.293,0.691,0.796,1,1,0.336,-0.071,0.104,0.309,0.601,0.899,3931,424,332,4687
Ethnicity,Z,Knee Replacement,Oxford Knee Score,20.046,8,14,20,25,33,37.729,21,33,40,44,47,17.683,1,12,18,24,33,4766,39,200,5005
Gender,0,Hip Replacement,EQ VAS,52.5,23.25,36.25,52.5,68.75,81.75,53.5,20.65,35.25,53.5,71.75,86.35,1,-2.6,-1,1,3,4.6,1,0,1,2
Gender,0,Hip Replacement,EQ-5D Index,0.226,-0.192,-0.006,0.226,0.459,0.645,0.338,0.019,0.161,0.337,0.514,0.656,0.112,0.011,0.056,0.112,0.167,0.212,1,1,0,2
Gender,0,Hip Replacement,Oxford Hip Score,14,5.9,9.5,14,18.5,22.1,47,46.1,46.5,47,47.5,47.9,33,24,28,33,38,42,2,0,0,2
Gender,0,Knee Replacement,EQ VAS,70,70,70,70,70,70,90,90,90,90,90,90,20,20,20,20,20,20,1,0,0,1
Gender,0,Knee Replacement,EQ-5D Index,0.691,0.691,0.691,0.691,0.691,0.691,1,1,1,1,1,1,0.309,0.309,0.309,0.309,0.309,0.309,1,0,0,1
Gender,0,Knee Replacement,Oxford Knee Score,23,23,23,23,23,23,43,43,43,43,43,43,20,20,20,20,20,20,1,0,0,1
Gender,1,Hip Replacement,EQ VAS,65.636,25,50,70,80,95,78.44,43,70,80,90,100,12.805,-20,0,10,25,55,9789,1341,3097,14227
Gender,1,Hip Replacement,EQ-5D Index,0.383,-0.074,0.055,0.516,0.691,0.76,0.822,0.364,0.691,0.883,1,1,0.438,-0.002,0.204,0.398,0.707,1.003,13326,696,741,14763
Gender,1,Hip Replacement,Oxford Hip Score,18.895,6,13,18,24,33,40.781,23,38,44,47,48,21.886,4,16,23,29,37,15341,91,385,15817
Gender,1,Knee Replacement,EQ VAS,70.189,30,60,75,85,95,76.694,40,70,80,90,97,6.505,-25,-5,5,15,40,10109,2157,5100,17366
Gender,1,Knee Replacement,EQ-5D Index,0.457,-0.016,0.159,0.62,0.691,0.76,0.773,0.195,0.691,0.796,1,1,0.317,-0.104,0.071,0.309,0.566,0.87,14765,1650,1592,18007
Gender,1,Knee Replacement,Oxford Knee Score,20.644,8,15,20,26,34,37.36,19,33,40,44,48,16.716,0,10,17,24,32,17877,189,925,18991
Gender,2,Hip Replacement,EQ VAS,62.074,20,50,65,80,95,76.933,40,70,80,90,100,14.859,-20,0,10,30,60,14536,1725,4475,20736
Gender,2,Hip Replacement,EQ-5D Index,0.318,-0.077,-0.003,0.193,0.62,0.727,0.786,0.189,0.691,0.814,1,1,0.468,0,0.205,0.413,0.76,1.016,19337,1121,1045,21503
Gender,2,Hip Replacement,Oxford Hip Score,16.769,5,11,16,22,31,39.282,21,35,42,46,48,22.513,4,16,23,30,38,22839,108,529,23476
Gender,2,Knee Replacement,EQ VAS,66.018,30,50,70,80,95,74.385,40,65,80,90,97,8.367,-25,-5,6,20,48,12869,2406,6117,21392
Gender,2,Knee Replacement,EQ-5D Index,0.383,-0.074,0.088,0.516,0.691,0.76,0.736,0.101,0.656,0.76,1,1,0.353,-0.071,0.091,0.309,0.636,0.899,18407,2008,1751,22166
Gender,2,Knee Replacement,Oxford Knee Score,17.786,6,12,17,23,31,35.425,17,30,37,43,47,17.638,1,11,18,25,33,22813,196,972,23981
Gender,9,Hip Replacement,EQ VAS,65,65,65,65,65,65,90,90,90,90,90,90,25,25,25,25,25,25,1,0,0,1
Gender,9,Hip Replacement,EQ-5D Index,0.691,0.691,0.691,0.691,0.691,0.691,1,1,1,1,1,1,0.309,0.309,0.309,0.309,0.309,0.309,1,0,0,1
Gender,9,Hip Replacement,Oxford Hip Score,31,31,31,31,31,31,48,48,48,48,48,48,17,17,17,17,17,17,1,0,0,1
Gender,9,Knee Replacement,EQ VAS,,,,,,,,,,,,,,,,,,,,,,
Gender,9,Knee Replacement,EQ-5D Index,,,,,,,,,,,,,,,,,,,,,,
Gender,9,Knee Replacement,Oxford Knee Score,,,,,,,,,,,,,,,,,,,,,,
Index of Multiple Deprivation,01. Least deprived 10%,Hip Replacement,EQ VAS,64.937,25,50,70,80,95,79.003,49,70,80,90,99,14.066,-20,0,10,26,55,3201,427,927,4555
Index of Multiple Deprivation,01. Least deprived 10%,Hip Replacement,EQ-5D Index,0.403,-0.074,0.055,0.587,0.691,0.76,0.824,0.516,0.691,0.85,1,1,0.421,-0.033,0.194,0.344,0.694,1.003,4177,230,246,4653
Index of Multiple Deprivation,01. Least deprived 10%,Hip Replacement,Oxford Hip Score,19.418,6,13,19,25,34,41.006,25,38,44,47,48,21.588,4,15,22,29,36,4885,28,106,5019
Index of Multiple Deprivation,01. Least deprived 10%,Knee Replacement,EQ VAS,69.656,30,60,75,85,95,77.597,45.15,70,80,90,97,7.941,-20,-2,5,20,44.85,2809,535,1240,4584
Index of Multiple Deprivation,01. Least deprived 10%,Knee Replacement,EQ-5D Index,0.47,-0.016,0.159,0.62,0.691,0.76,0.791,0.516,0.691,0.796,1,1,0.321,-0.071,0.071,0.309,0.568,0.899,3929,430,343,4702
Index of Multiple Deprivation,01. Least deprived 10%,Knee Replacement,Oxford Knee Score,20.638,8,15,20,26,34,37.866,21,34,40,44,47,17.228,1,11,18,24,32,4746,48,195,4989
Index of Multiple Deprivation,02. Less deprived 10-20%,Hip Replacement,EQ VAS,64.978,25,50,70,80,95,79.175,50,70,80,90,100,14.196,-20,0,10,28,55,3399,438,938,4775
Index of Multiple Deprivation,02. Less deprived 10-20%,Hip Replacement,EQ-5D Index,0.372,-0.074,0.055,0.516,0.691,0.76,0.821,0.516,0.691,0.85,1,1,0.449,0,0.207,0.413,0.718,1.016,4451,246,202,4899
Index of Multiple Deprivation,02. Less deprived 10-20%,Hip Replacement,Oxford Hip Score,18.456,6,12,18,24,33,40.976,24,38,44,47,48,22.52,5,16,23,30,37,5118,26,89,5233
Index of Multiple Deprivation,02. Less deprived 10-20%,Knee Replacement,EQ VAS,69.205,30,60,75,85,95,77.134,45,70,80,90,97,7.929,-20,-3,5,20,45,3047,618,1376,5041
Index of Multiple Deprivation,02. Less deprived 10-20%,Knee Replacement,EQ-5D Index,0.448,-0.016,0.159,0.62,0.691,0.76,0.785,0.361,0.691,0.796,1,1,0.337,-0.071,0.104,0.309,0.601,0.899,4317,466,375,5158
Index of Multiple Deprivation,02. Less deprived 10-20%,Knee Replacement,Oxford Knee Score,20.139,8,14,20,25,33,37.571,21,33,40,44,47,17.433,1,11,18,24,32,5255,54,200,5509
Index of Multiple Deprivation,03. Less deprived 20-30%,Hip Replacement,EQ VAS,64.401,25,50,70,80,95,78.48,45,70,80,90,99,14.079,-20,0,10,29,55,3216,362,1009,4587
Index of Multiple Deprivation,03. Less deprived 20-30%,Hip Replacement,EQ-5D Index,0.378,-0.074,0.055,0.516,0.691,0.76,0.822,0.516,0.691,0.85,1,1,0.443,0,0.209,0.398,0.713,1.016,4288,222,222,4732
Index of Multiple Deprivation,03. Less deprived 20-30%,Hip Replacement,Oxford Hip Score,18.39,6,12,18,24,33,40.663,24,37,43,47,48,22.273,4,16,23,29,37,4973,23,109,5105
Index of Multiple Deprivation,03. Less deprived 20-30%,Knee Replacement,EQ VAS,68.875,30,59,70,85,95,76.806,40.45,70,80,90,97,7.931,-20,-3,5,20,45,2955,598,1357,4910
Index of Multiple Deprivation,03. Less deprived 20-30%,Knee Replacement,EQ-5D Index,0.442,-0.074,0.159,0.62,0.691,0.76,0.775,0.26,0.691,0.796,1,1,0.333,-0.071,0.104,0.309,0.601,0.87,4217,424,375,5016
Index of Multiple Deprivation,03. Less deprived 20-30%,Knee Replacement,Oxford Knee Score,19.64,8,14,20,25,33,37.138,20,32,39,44,47,17.498,1,11,18,24,33,5133,43,220,5396
Index of Multiple Deprivation,04. Less deprived 30-40%,Hip Replacement,EQ VAS,64.664,23,50,70,80,95,78.675,45,70,80,90,100,14.011,-20,0,10,28,55,3086,384,925,4395
Index of Multiple Deprivation,04. Less deprived 30-40%,Hip Replacement,EQ-5D Index,0.358,-0.074,0.055,0.516,0.691,0.76,0.818,0.516,0.691,0.85,1,1,0.46,0,0.209,0.413,0.743,1.003,4148,216,199,4563
Index of Multiple Deprivation,04. Less deprived 30-40%,Hip Replacement,Oxford Hip Score,18.01,6,12,17,24,33,40.476,23,37,43,47,48,22.466,4,16,23,30,38,4795,21,120,4936
Index of Multiple Deprivation,04. Less deprived 30-40%,Knee Replacement,EQ VAS,68.612,30,55,70,84,95,76.296,40,70,80,90,98,7.684,-25,-5,5,20,45,2838,530,1344,4712
Index of Multiple Deprivation,04. Less deprived 30-40%,Knee Replacement,EQ-5D Index,0.443,-0.016,0.159,0.62,0.691,0.76,0.77,0.189,0.691,0.796,1,1,0.326,-0.071,0.071,0.309,0.59,0.872,4043,466,371,4880
Index of Multiple Deprivation,04. Less deprived 30-40%,Knee Replacement,Oxford Knee Score,19.72,7,14,19,25,33,37.155,20,32,39,44,47,17.436,1,11,18,24,32,4918,37,199,5154
Index of Multiple Deprivation,05. Less deprived 40-50%,Hip Replacement,EQ VAS,63.849,20,50,70,80,95,77.763,40.2,70,80,90,100,13.914,-20,0,10,27,57,2785,356,864,4005
Index of Multiple Deprivation,05. Less deprived 40-50%,Hip Replacement,EQ-5D Index,0.337,-0.074,0.055,0.364,0.62,0.76,0.804,0.224,0.691,0.848,1,1,0.466,-0.002,0.209,0.413,0.76,1.016,3791,186,211,4188
Index of Multiple Deprivation,05. Less deprived 40-50%,Hip Replacement,Oxford Hip Score,17.53,5,11,17,23,32,39.922,22,36,43,46,48,22.392,4,16,23,30,38,4428,25,102,4555
Index of Multiple Deprivation,05. Less deprived 40-50%,Knee Replacement,EQ VAS,68.096,30,52,70,80,95,76.077,40,70,80,90,98,7.981,-25,-5,5,20,45,2651,516,1242,4409
Index of Multiple Deprivation,05. Less deprived 40-50%,Knee Replacement,EQ-5D Index,0.413,-0.074,0.101,0.587,0.691,0.76,0.764,0.204,0.691,0.796,1,1,0.351,-0.071,0.104,0.309,0.636,0.912,3835,392,329,4556
Index of Multiple Deprivation,05. Less deprived 40-50%,Knee Replacement,Oxford Knee Score,19.023,7,13,19,24,32,36.874,19,32,39,44,47,17.851,1,12,18,25,33,4671,43,162,4876
Index of Multiple Deprivation,06. More deprived 40-50%,Hip Replacement,EQ VAS,63.198,20,50,70,80,95,77.457,40,70,80,90,100,14.26,-20,0,10,30,60,2443,309,796,3548
Index of Multiple Deprivation,06. More deprived 40-50%,Hip Replacement,EQ-5D Index,0.334,-0.074,0.053,0.364,0.62,0.727,0.8,0.293,0.691,0.814,1,1,0.466,0,0.209,0.413,0.759,1.016,3309,181,169,3659
Index of Multiple Deprivation,06. More deprived 40-50%,Hip Replacement,Oxford Hip Score,17.258,5,11,17,23,31,39.792,22,36,43,46,48,22.534,4,17,23,30,37,3895,17,88,4000
Index of Multiple Deprivation,06. More deprived 40-50%,Knee Replacement,EQ VAS,68.271,30,55,70,82,95,75.11,40,67,80,90,97,6.839,-25,-5,5,19,45,2381,484,1279,4144
Index of Multiple Deprivation,06. More deprived 40-50%,Knee Replacement,EQ-5D Index,0.41,-0.074,0.088,0.587,0.691,0.76,0.749,0.159,0.691,0.76,1,1,0.339,-0.104,0.071,0.309,0.603,0.899,3542,391,377,4310
Index of Multiple Deprivation,06. More deprived 40-50%,Knee Replacement,Oxford Knee Score,18.816,7,13,18,24,32,36.055,17,31,38,44,47,17.239,-1,11,18,25,32.15,4322,42,234,4598
Index of Multiple Deprivation,07. More deprived 30-40%,Hip Replacement,EQ VAS,62.915,23.7,50,69,80,95,76.81,40,70,80,90,100,13.895,-20,0,10,28,55,2013,228,634,2875
Index of Multiple Deprivation,07. More deprived 30-40%,Hip Replacement,EQ-5D Index,0.32,-0.074,0.03,0.26,0.62,0.727,0.789,0.207,0.691,0.814,1,1,0.47,0,0.209,0.428,0.76,1.016,2700,159,136,2995
Index of Multiple Deprivation,07. More deprived 30-40%,Hip Replacement,Oxford Hip Score,16.759,5,11,16,22,31,39.562,21,35,42,46,48,22.803,4,17,24,30,38,3167,17,77,3261
Index of Multiple Deprivation,07. More deprived 30-40%,Knee Replacement,EQ VAS,66.634,30,50,70,80,95,74.285,40,65,80,90,97,7.651,-29,-5,5,20,45,2027,414,979,3420
Index of Multiple Deprivation,07. More deprived 30-40%,Knee Replacement,EQ-5D Index,0.38,-0.074,0.088,0.516,0.691,0.76,0.734,0.098,0.62,0.76,1,1,0.354,-0.104,0.104,0.309,0.636,0.906,2970,300,307,3577
Index of Multiple Deprivation,07. More deprived 30-40%,Knee Replacement,Oxford Knee Score,18.167,7,13,18,23,32,35.418,17,30,38,43,47,17.251,0,11,18,24,33,3677,34,170,3881
Index of Multiple Deprivation,08. More deprived 20-30%,Hip Replacement,EQ VAS,60.644,20,45,65,80,95,75.124,37.45,65,80,90,99,14.48,-20.55,0,10,30,60,1638,232,540,2410
Index of Multiple Deprivation,08. More deprived 20-30%,Hip Replacement,EQ-5D Index,0.289,-0.181,-0.013,0.159,0.587,0.727,0.768,0.187,0.656,0.796,1,1,0.479,-0.035,0.229,0.484,0.76,1.016,2255,131,140,2526
Index of Multiple Deprivation,08. More deprived 20-30%,Hip Replacement,Oxford Hip Score,15.984,5,10,15,21,31,38.505,19.1,33,41,46,48,22.521,4,16,24,30,38,2685,13,65,2763
Index of Multiple Deprivation,08. More deprived 20-30%,Knee Replacement,EQ VAS,65.718,25,50,70,80,95,72.718,35,60,78,89,95,7,-30,-5,5,20,46,1605,332,907,2844
Index of Multiple Deprivation,08. More deprived 20-30%,Knee Replacement,EQ-5D Index,0.366,-0.074,0.088,0.516,0.691,0.76,0.707,0.055,0.62,0.735,0.883,1,0.341,-0.105,0.069,0.309,0.619,0.899,2386,283,315,2984
Index of Multiple Deprivation,08. More deprived 20-30%,Knee Replacement,Oxford Knee Score,17.673,6,12,17,23,31,34.451,14,28,37,43,47,16.778,-1,10,17,24,33,2999,23,184,3206
Index of Multiple Deprivation,09. More deprived 10-20%,Hip Replacement,EQ VAS,59.498,20,44,60,80,93.65,73.618,39,60,80,90,99,14.119,-29,0,10,30,60,1293,161,454,1908
Index of Multiple Deprivation,09. More deprived 10-20%,Hip Replacement,EQ-5D Index,0.265,-0.181,-0.016,0.159,0.587,0.727,0.74,0.088,0.62,0.796,1,1,0.475,-0.058,0.192,0.484,0.766,1.016,1798,115,115,2028
Index of Multiple Deprivation,09. More deprived 10-20%,Hip Replacement,Oxford Hip Score,15.673,4,10,15,21,31,37.273,17,32,40,45,48,21.6,2,15,23,30,37,2122,12,77,2211
Index of Multiple Deprivation,09. More deprived 10-20%,Knee Replacement,EQ VAS,65.379,30,50,70,80,95,72.411,35,60,76,90,98,7.032,-30,-5,5,20,48,1361,271,730,2362
Index of Multiple Deprivation,09. More deprived 10-20%,Knee Replacement,EQ-5D Index,0.355,-0.074,0.055,0.364,0.691,0.727,0.686,0.055,0.587,0.727,0.85,1,0.332,-0.143,0.069,0.309,0.636,0.864,1967,260,269,2496
Index of Multiple Deprivation,09. More deprived 10-20%,Knee Replacement,Oxford Knee Score,17.145,6,11,16,22,31,33.62,14,27,36,42,47,16.475,-1,9,17,24,32,2505,30,157,2692
Index of Multiple Deprivation,10. Most deprived 10%,Hip Replacement,EQ VAS,59.683,16.7,45,60,80,94.3,71.79,30,60,75,90,98,12.106,-30,-4.5,10,28,59.3,983,135,417,1535
Index of Multiple Deprivation,10. Most deprived 10%,Hip Replacement,EQ-5D Index,0.231,-0.181,-0.016,0.088,0.587,0.691,0.697,-0.016,0.587,0.727,1,1,0.466,-0.104,0.175,0.531,0.768,1.016,1402,100,132,1634
Index of Multiple Deprivation,10. Most deprived 10%,Hip Replacement,Oxford Hip Score,14.808,4,9,14,20,29,35.78,15,29,38,45,48,20.971,1,13,22,29,37,1703,14,71,1788
Index of Multiple Deprivation,10. Most deprived 10%,Knee Replacement,EQ VAS,63.214,25,50,66,80,95,69.285,30,55,70,85,97,6.071,-30.9,-5,5,20,45,1081,227,635,1943
Index of Multiple Deprivation,10. Most deprived 10%,Knee Replacement,EQ-5D Index,0.316,-0.121,0.055,0.159,0.689,0.727,0.657,-0.016,0.587,0.691,0.796,1,0.341,-0.172,0.069,0.309,0.634,0.87,1643,206,240,2089
Index of Multiple Deprivation,10. Most deprived 10%,Knee Replacement,Oxford Knee Score,16.25,5,11,16,21,29,32.091,12,25,34,41,47,15.841,-2,9,16,23,32,2059,22,155,2236
Index of Multiple Deprivation,Unknown IMD,Hip Replacement,EQ VAS,62.651,25,50,70,80,90.4,77.668,40,70,80,90,100,15.016,-20,0,13,28,56.4,270,34,69,373
Index of Multiple Deprivation,Unknown IMD,Hip Replacement,EQ-5D Index,0.331,-0.074,0.055,0.314,0.62,0.727,0.806,0.189,0.691,0.883,1,1,0.475,0,0.204,0.413,0.811,1.016,346,32,14,392
Index of Multiple Deprivation,Unknown IMD,Hip Replacement,Oxford Hip Score,16.322,4,11,16,22,29.8,39.878,21.2,36,43,47,48,23.555,4,17,25,31,39,412,3,10,425
Index of Multiple Deprivation,Unknown IMD,Knee Replacement,EQ VAS,67.687,30,55,70,80,95,73.954,40,65,80,90,95,6.267,-25,-5,5,19,40,224,38,128,390
Index of Multiple Deprivation,Unknown IMD,Knee Replacement,EQ-5D Index,0.422,-0.074,0.101,0.587,0.691,0.76,0.734,0.189,0.62,0.76,1,1,0.312,-0.104,0.069,0.309,0.568,0.841,324,40,42,406
Index of Multiple Deprivation,Unknown IMD,Knee Replacement,Oxford Knee Score,18.732,7,13,19,24,32,35.631,18,30,38,43,47,16.899,0,10,18,24,32,406,9,21,436
