Dimension;Value;Procedure;Measure;Pre-Op Q Mean;Pre-Op Q 5%;Pre-Op Q 1st Quartile;Pre-Op Q Median;Pre-Op Q 3rd Quartile;Pre-Op Q 95%;Post-Op Q Mean;Post-Op Q 5%;Post-Op Q 1st Quartile;Post-Op Q Median;Post-Op Q 3rd Quartile;Post-Op Q 95%;Heath Gain Mean;Heath Gain 5%;Heath Gain 1st Quartile;Heath Gain Median;Heath Gain 3rd Quartile;Heath Gain 95%;Improved;Unchanged;Worsened;Total
England;England;Hip Replacement;EQ VAS;64.067;20;50;70;80;95;77.29;40;70;80;90;100;13.223;-20;0;10;25;57;25956;3966;8585;38507
England;England;Hip Replacement;EQ-5D Index;0.355;-0.074;0.055;0.516;0.689;0.76;0.794;0.217;0.691;0.815;1;1;0.44;-0.035;0.192;0.413;0.708;1.003;35767;2196;2147;40110
England;England;Hip Replacement;Oxford Hip Score;18.033;5;12;17;24;33;39.525;21;35;42;46;48;21.491;3;15;22;29;37;41858;243;1150;43251
England;England;Knee Replacement;EQ VAS;67.506;30;50;70;80;95;74.391;40;65;80;90;96;6.885;-29;-5;5;20;45;23836;5348;12273;41457
England;England;Knee Replacement;EQ-5D Index;0.415;-0.074;0.088;0.587;0.691;0.76;0.738;0.088;0.689;0.76;1;1;0.323;-0.104;0.069;0.309;0.601;0.87;35260;4209;3954;43423
England;England;Knee Replacement;Oxford Knee Score;19.051;7;13;19;24;32;35.537;16;30;38;43;47;16.485;-1;10;17;24;32;44015;486;2427;46928
Age;10 to 14;Hip Replacement;EQ VAS;;;;;;;;;;;;;;;;;;;;;;
Age;10 to 14;Hip Replacement;EQ-5D Index;;;;;;;;;;;;;;;;;;;;;;
Age;10 to 14;Hip Replacement;Oxford Hip Score;;;;;;;;;;;;;;;;;;;;;;
Age;10 to 14;Knee Replacement;EQ VAS;;;;;;;;;;;;;;;;;;;;;;
Age;10 to 14;Knee Replacement;EQ-5D Index;;;;;;;;;;;;;;;;;;;;;;
Age;10 to 14;Knee Replacement;Oxford Knee Score;;;;;;;;;;;;;;;;;;;;;;
Age;15 to 19;Hip Replacement;EQ VAS;53.5;21.25;43.75;57;67.25;79;80;51.25;75;90;90;93.75;26.5;13.5;16.25;25;30.75;45.25;6;0;0;6
Age;15 to 19;Hip Replacement;EQ-5D Index;0.216;-0.217;0.106;0.159;0.48;0.612;0.881;0.714;0.757;0.924;1;1;0.665;0.2;0.475;0.801;0.841;0.982;6;0;0;6
Age;15 to 19;Hip Replacement;Oxford Hip Score;17;7.75;11.75;17.5;22.5;25.5;44.667;37.75;41.75;47.5;48;48;27.667;22.25;23.25;25.5;29.25;37.5;6;0;0;6
Age;15 to 19;Knee Replacement;EQ VAS;85;85;85;85;85;85;95;95;95;95;95;95;10;10;10;10;10;10;1;0;0;1
Age;15 to 19;Knee Replacement;EQ-5D Index;0.055;0.055;0.055;0.055;0.055;0.055;1;1;1;1;1;1;0.945;0.945;0.945;0.945;0.945;0.945;1;0;0;1
Age;15 to 19;Knee Replacement;Oxford Knee Score;15;15;15;15;15;15;43;43;43;43;43;43;28;28;28;28;28;28;1;0;0;1
Age;20 to 24;Hip Replacement;EQ VAS;59.917;20.75;48.75;60;79;90;81.75;60;73.75;85;92.75;97.7;21.833;-10;4;22.5;35.75;65;19;1;4;24
Age;20 to 24;Hip Replacement;EQ-5D Index;0.325;-0.227;-0.016;0.516;0.689;0.746;0.827;0.464;0.76;0.883;1;1;0.501;0.08;0.24;0.413;0.812;1.146;24;0;1;25
Age;20 to 24;Hip Replacement;Oxford Hip Score;19.769;7;11.5;18;25.75;36.75;41.192;28;38.25;44.5;46.75;48;21.423;8.5;16;20;28;34;26;0;0;26
Age;20 to 24;Knee Replacement;EQ VAS;70;70;70;70;70;70;80;80;80;80;80;80;10;10;10;10;10;10;1;0;0;1
Age;20 to 24;Knee Replacement;EQ-5D Index;-0.016;-0.016;-0.016;-0.016;-0.016;-0.016;0.848;0.848;0.848;0.848;0.848;0.848;0.864;0.864;0.864;0.864;0.864;0.864;1;0;0;1
Age;20 to 24;Knee Replacement;Oxford Knee Score;5;5;5;5;5;5;42;42;42;42;42;42;37;37;37;37;37;37;1;0;0;1
Age;25 to 29;Hip Replacement;EQ VAS;57.516;25;47.5;60;72.5;87.5;75.839;35.5;67.5;80;90;100;18.323;-25;2.5;18;35;55;23;3;5;31
Age;25 to 29;Hip Replacement;EQ-5D Index;0.29;-0.076;-0.016;0.312;0.587;0.69;0.741;-0.016;0.587;0.848;1;1;0.451;-0.408;0.323;0.508;0.67;0.917;25;0;3;28
Age;25 to 29;Hip Replacement;Oxford Hip Score;19.935;7;13;18;26;36;38.065;20;31;42;45;48;18.129;6.5;13;19;23.5;31.5;30;0;1;31
Age;25 to 29;Knee Replacement;EQ VAS;70;53;65;80;80;80;56.667;17;45;80;80;80;-13.333;-36;-20;0;0;0;0;2;1;3
Age;25 to 29;Knee Replacement;EQ-5D Index;0.523;0.09;0.514;0.691;0.7;0.722;0.653;0.136;0.602;0.796;0.847;0.969;0.13;0.041;0.061;0.087;0.156;0.278;4;0;0;4
Age;25 to 29;Knee Replacement;Oxford Knee Score;20.5;9.5;15.5;22.5;27.5;28.7;42.5;41.15;41.75;42.5;43.25;43.85;22;12.45;14.25;20.5;28.25;33.65;4;0;0;4
Age;30 to 34;Hip Replacement;EQ VAS;53.065;17.75;33.75;57.5;70;85;73.402;30;63.75;75;90;100;20.337;-10;8;20;30;52.8;74;8;10;92
Age;30 to 34;Hip Replacement;EQ-5D Index;0.305;-0.074;0.036;0.228;0.62;0.739;0.709;-0.036;0.587;0.76;1;1;0.405;-0.104;0.106;0.38;0.726;0.945;78;5;11;94
Age;30 to 34;Hip Replacement;Oxford Hip Score;18.258;5;11;17;25;35.2;38.268;15.8;34;41;46;48;20.01;3.8;13;21;29;35;95;0;2;97
Age;30 to 34;Knee Replacement;EQ VAS;37.5;22.25;30;37.5;48.75;50;54.9;26.75;36.25;49.5;67.5;95.5;17.4;-12.75;3.5;15;23.75;56.5;7;1;2;10
Age;30 to 34;Knee Replacement;EQ-5D Index;0.076;-0.232;0.019;0.055;0.106;0.437;0.491;-0.161;0.115;0.656;0.783;1;0.415;0.025;0.096;0.35;0.702;0.909;7;1;0;8
Age;30 to 34;Knee Replacement;Oxford Knee Score;9.778;4.2;8;9;11;16.6;32.556;22;28;33;38;41.6;22.778;11.4;17;25;28;33.2;9;0;0;9
Age;35 to 39;Hip Replacement;EQ VAS;57.884;20;40;60;78;90.8;75.653;30;70;80;90;100;17.769;-29.4;0;20;39;59.4;124;12;37;173
Age;35 to 39;Hip Replacement;EQ-5D Index;0.287;-0.182;-0.016;0.201;0.587;0.739;0.717;-0.016;0.587;0.796;1;1;0.43;-0.185;0.204;0.434;0.697;1.001;152;7;15;174
Age;35 to 39;Hip Replacement;Oxford Hip Score;16.864;6;11;16;22.25;31;37.745;13.15;32;42;46;48;20.88;-1;15.75;22;30;37;173;0;11;184
Age;35 to 39;Knee Replacement;EQ VAS;53.833;20;38.75;55;70;83.5;71.167;40;58.75;74;86.25;91.7;17.333;-13.8;0;17.5;31.5;49.25;17;2;5;24
Age;35 to 39;Knee Replacement;EQ-5D Index;0.317;-0.074;0.019;0.174;0.638;0.691;0.552;-0.065;0.087;0.724;0.801;1;0.235;-0.606;-0.104;0.257;0.664;0.805;16;0;8;24
Age;35 to 39;Knee Replacement;Oxford Knee Score;15.84;5.2;11;16;20;29.4;31.2;10.4;18;31;44;45.8;15.36;-3.6;10;19;23;28.8;21;1;3;25
Age;40 to 44;Hip Replacement;EQ VAS;58.995;20;40;60;80;95;76.29;36.75;67.25;80;90;99;17.295;-20;0;15;32;60;270;23;73;366
Age;40 to 44;Hip Replacement;EQ-5D Index;0.355;-0.181;0.053;0.516;0.691;0.76;0.791;0.082;0.689;0.883;1;1;0.436;-0.036;0.211;0.38;0.707;1.003;330;11;20;361
Age;40 to 44;Hip Replacement;Oxford Hip Score;18.323;5.6;12;17;24;34;39.15;14;36;44;47;48;20.827;0;14;22;29;36;372;3;18;393
Age;40 to 44;Knee Replacement;EQ VAS;63.069;28.75;50;65;80;95;67.034;20;50;75;85;91.25;3.966;-37.75;-10;5;20;47;61;13;42;116
Age;40 to 44;Knee Replacement;EQ-5D Index;0.228;-0.182;-0.003;0.088;0.62;0.691;0.569;-0.133;0.403;0.691;0.796;1;0.341;-0.166;0.014;0.367;0.638;0.912;86;10;19;115
Age;40 to 44;Knee Replacement;Oxford Knee Score;15.165;4;9.5;15;20;29;30.717;6.3;22.5;34;40;46;15.551;-3.7;6.5;17;23;31;113;0;14;127
Age;45 to 49;Hip Replacement;EQ VAS;60.426;20;45;65;80;90;76.604;30;70;80;90;100;16.178;-24.6;0;15;30;60;681;88;174;943
Age;45 to 49;Hip Replacement;EQ-5D Index;0.352;-0.181;0.054;0.516;0.656;0.76;0.775;0.082;0.656;0.848;1;1;0.424;-0.071;0.192;0.38;0.707;1.016;830;57;56;943
Age;45 to 49;Hip Replacement;Oxford Hip Score;17.707;6;12;17;23;32;39.403;17;35;43;47;48;21.696;2;15;22;29;37;969;7;28;1004
Age;45 to 49;Knee Replacement;EQ VAS;59.722;20;40;60;76.25;94.55;69.233;25;50;75;86;98;9.511;-30;-5;10;25;50;286;41;137;464
Age;45 to 49;Knee Replacement;EQ-5D Index;0.316;-0.077;0.055;0.159;0.673;0.727;0.631;-0.074;0.516;0.691;0.849;1;0.315;-0.23;0.01;0.309;0.603;0.871;350;50;67;467
Age;45 to 49;Knee Replacement;Oxford Knee Score;16.584;5.1;11;15;22;31.9;32.922;10;25.5;36;42;47;16.338;-2.9;9;16;24;33;459;5;39;503
Age;50 to 54;Hip Replacement;EQ VAS;60.178;20;40;65;80;92;78.229;40;70;80;90;100;18.051;-20;0;15;33.5;65;1441;165;333;1939
Age;50 to 54;Hip Replacement;EQ-5D Index;0.347;-0.079;0.055;0.516;0.664;0.76;0.789;0.082;0.691;0.848;1;1;0.442;-0.058;0.204;0.413;0.741;1.016;1774;115;111;2000
Age;50 to 54;Hip Replacement;Oxford Hip Score;17.736;6;12;17;23;32;39.84;18;37;43;47;48;22.104;2;16;23;30;37;2043;18;60;2121
Age;50 to 54;Knee Replacement;EQ VAS;60.911;20;45;61.5;80;95;69.559;30;60;75;85;95;8.648;-35;-5;10;25;50;960;170;466;1596
Age;50 to 54;Knee Replacement;EQ-5D Index;0.334;-0.077;0.055;0.186;0.691;0.727;0.654;-0.016;0.587;0.725;0.814;1;0.32;-0.176;0.058;0.309;0.603;0.866;1276;168;211;1655
Age;50 to 54;Knee Replacement;Oxford Knee Score;16.994;6;11;16;22;30;32.808;11;25;36;42;47;15.814;-3;9;17;24;32;1597;24;135;1756
Age;55 to 59;Hip Replacement;EQ VAS;61.561;20;41.75;65;80;95;78.386;40;70;85;90;100;16.825;-20;0;15;30;60;2306;294;580;3180
Age;55 to 59;Hip Replacement;EQ-5D Index;0.361;-0.074;0.055;0.516;0.689;0.76;0.799;0.186;0.691;0.85;1;1;0.438;-0.035;0.204;0.413;0.707;1.016;2905;170;170;3245
Age;55 to 59;Hip Replacement;Oxford Hip Score;17.823;6;12;17;23;32;40.312;21;37;44;47;48;22.49;4;16;24;30;37;3332;15;84;3431
Age;55 to 59;Knee Replacement;EQ VAS;62.854;20;50;70;80;94;72.065;30;60;80;90;96;9.211;-30;-5;8;22;50;1951;353;891;3195
Age;55 to 59;Knee Replacement;EQ-5D Index;0.361;-0.077;0.088;0.364;0.691;0.76;0.679;-0.016;0.587;0.727;0.883;1;0.318;-0.165;0.069;0.309;0.601;0.872;2625;309;384;3318
Age;55 to 59;Knee Replacement;Oxford Knee Score;17.732;7;12;17;23;31;33.734;13;27;36;42;47;16.002;-2;9;17;24;32;3271;50;245;3566
Age;60 to 64;Hip Replacement;EQ VAS;63.284;20;50;70;80;95;78.745;40;70;84;90;100;15.462;-20;0;10;30;60;3473;450;937;4860
Age;60 to 64;Hip Replacement;EQ-5D Index;0.373;-0.074;0.055;0.516;0.691;0.76;0.808;0.189;0.691;0.883;1;1;0.435;-0.054;0.204;0.413;0.707;1.016;4504;251;289;5044
Age;60 to 64;Hip Replacement;Oxford Hip Score;18.332;6;12;18;24;33;40.434;21;37;44;47;48;22.102;3;16;23;29;37;5164;29;161;5354
Age;60 to 64;Knee Replacement;EQ VAS;65.417;25;50;70;80;95;73.276;30;65;80;90;96;7.859;-30;-5;5;20;47.25;3375;709;1592;5676
Age;60 to 64;Knee Replacement;EQ-5D Index;0.401;-0.074;0.088;0.587;0.691;0.76;0.711;0.055;0.62;0.76;1;1;0.31;-0.104;0.069;0.296;0.59;0.872;4644;604;627;5875
Age;60 to 64;Knee Replacement;Oxford Knee Score;18.62;7;13;18;24;32;34.753;14;29;37;43;47;16.133;-2;10;17;23;32;5771;71;375;6217
Age;65 to 69;Hip Replacement;EQ VAS;64.904;20;50;70;80;95;79.213;45;70;84;90;100;14.309;-20;0;10;28;58;5159;780;1483;7422
Age;65 to 69;Hip Replacement;EQ-5D Index;0.375;-0.074;0.055;0.516;0.691;0.76;0.817;0.312;0.691;0.883;1;1;0.442;0;0.204;0.413;0.726;1.016;6942;401;384;7727
Age;65 to 69;Hip Replacement;Oxford Hip Score;18.594;6;12;18;24;33;40.605;23;37;44;47;48;22.011;3;16;23;29;37;8000;49;223;8272
Age;65 to 69;Knee Replacement;EQ VAS;68.344;30;55;70;85;95;75.768;40;70;80;90;96;7.424;-25;-5;5;20;45;5044;1113;2464;8621
Age;65 to 69;Knee Replacement;EQ-5D Index;0.426;-0.074;0.101;0.587;0.691;0.76;0.751;0.159;0.691;0.779;1;1;0.324;-0.104;0.069;0.309;0.601;0.865;7358;841;802;9001
Age;65 to 69;Knee Replacement;Oxford Knee Score;19.451;7;14;19;25;33;36.22;17;31;39;44;47;16.768;0;10;17;24;32;9142;91;446;9679
Age;70 to 74;Hip Replacement;EQ VAS;66.399;25;50;70;80;95;77.893;40;70;80;90;100;11.495;-20;0;10;25;54;5059;834;1851;7744
Age;70 to 74;Hip Replacement;EQ-5D Index;0.369;-0.074;0.055;0.516;0.691;0.76;0.807;0.364;0.691;0.848;1;1;0.438;0;0.192;0.398;0.707;1.003;7234;450;400;8084
Age;70 to 74;Hip Replacement;Oxford Hip Score;18.519;6;12;18;24;33;39.801;22;36;43;46;48;21.283;4;15;22;28;37;8485;46;192;8723
Age;70 to 74;Knee Replacement;EQ VAS;69.426;30;60;74;85;95;76.095;40;70;80;90;97;6.67;-25;-5;5;17;43.1;5224;1254;2641;9119
Age;70 to 74;Knee Replacement;EQ-5D Index;0.441;-0.016;0.159;0.62;0.691;0.76;0.768;0.189;0.691;0.796;1;1;0.328;-0.071;0.071;0.309;0.59;0.888;7939;910;762;9611
Age;70 to 74;Knee Replacement;Oxford Knee Score;19.77;8;14;20;25;33;36.589;19;31;39;44;47;16.819;0;11;17;24;32;9741;126;470;10337
Age;75 to 79;Hip Replacement;EQ VAS;65.056;25;50;70;80;95;75.639;40;69;80;90;98;10.584;-25;-1;10;23;50;4027;690;1616;6333
Age;75 to 79;Hip Replacement;EQ-5D Index;0.347;-0.074;0.055;0.516;0.664;0.727;0.78;0.26;0.691;0.796;1;1;0.433;-0.036;0.175;0.413;0.707;1.003;5886;399;387;6672
Age;75 to 79;Hip Replacement;Oxford Hip Score;17.882;5;11;17;24;33;38.597;21;34;41;45;48;20.714;3;14;21;28;37;7088;43;199;7330
Age;75 to 79;Knee Replacement;EQ VAS;69.361;30;59;73;82;95;74.734;40;66;80;90;95;5.373;-29;-5;5;15;40;3902;927;2230;7059
Age;75 to 79;Knee Replacement;EQ-5D Index;0.433;-0.074;0.159;0.587;0.691;0.76;0.757;0.195;0.691;0.779;1;1;0.324;-0.071;0.071;0.309;0.59;0.859;6143;726;594;7463
Age;75 to 79;Knee Replacement;Oxford Knee Score;19.553;7;14;19;25;33;35.909;18;30;38;43;47;16.357;0;10;17;23;32;7700;64;404;8168
Age;80 to 84;Hip Replacement;EQ VAS;64.235;20;50;70;80;92;74.429;40;65;80;90;96;10.194;-25;-2;9;23;50;2308;452;1007;3767
Age;80 to 84;Hip Replacement;EQ-5D Index;0.327;-0.074;0.03;0.262;0.62;0.727;0.769;0.26;0.691;0.796;1;1;0.443;-0.035;0.175;0.413;0.713;1.003;3543;235;218;3996
Age;80 to 84;Hip Replacement;Oxford Hip Score;17.456;5;11;17;23;32;38.024;21;33;40;45;48;20.568;3;14;21;28;36;4226;24;123;4373
Age;80 to 84;Knee Replacement;EQ VAS;68.839;30;58;70;80;95;74.258;40;65;80;86;95;5.419;-25;-5;5;15;40;2170;537;1290;3997
Age;80 to 84;Knee Replacement;EQ-5D Index;0.42;-0.074;0.101;0.587;0.691;0.76;0.749;0.189;0.691;0.76;1;1;0.329;-0.076;0.071;0.309;0.601;0.866;3474;423;334;4231
Age;80 to 84;Knee Replacement;Oxford Knee Score;19.051;7;13;19;24;33;35.398;17;30;37;43;47;16.347;0;10;17;23;32;4445;38;219;4702
Age;85 to 89;Hip Replacement;EQ VAS;61.586;20;50;65;80;90;72.403;40;60;75;85;95;10.817;-22;-5;9;25;55;827;133;393;1353
Age;85 to 89;Hip Replacement;EQ-5D Index;0.262;-0.181;-0.016;0.159;0.587;0.691;0.736;0.189;0.62;0.76;1;1;0.474;0;0.192;0.484;0.757;1.003;1270;77;68;1415
Age;85 to 89;Hip Replacement;Oxford Hip Score;15.741;3;9;15;22;31;36.806;20;32;39;44;48;21.065;3;15;22;28;37;1533;9;38;1580
Age;85 to 89;Knee Replacement;EQ VAS;66.469;30;50;70;80;95;71.483;35;60;75;85;95;5.014;-30;-5;4.5;16;43.45;730;197;445;1372
Age;85 to 89;Knee Replacement;EQ-5D Index;0.398;-0.074;0.088;0.587;0.691;0.727;0.727;0.189;0.62;0.743;0.883;1;0.329;-0.104;0.069;0.309;0.603;0.899;1155;147;129;1431
Age;85 to 89;Knee Replacement;Oxford Knee Score;17.881;6;12;17;24;32;34.563;16;29;36;42;47;16.682;0;10;17;24;32;1519;13;73;1605
Age;90 to 120;Hip Replacement;EQ VAS;61.332;23.25;50;69;80;90;70.336;40;60;75;80;95;9.004;-29.35;-5;8;21.5;50.35;159;33;82;274
Age;90 to 120;Hip Replacement;EQ-5D Index;0.212;-0.184;-0.016;0.101;0.587;0.691;0.704;0.203;0.587;0.71;0.85;1;0.491;0;0.255;0.495;0.761;1.003;264;18;14;296
Age;90 to 120;Hip Replacement;Oxford Hip Score;13.285;2.25;7;11.5;18;28.75;35.724;20.25;31;37;42;47;22.439;4.25;16;23;30;36;316;0;10;326
Age;90 to 120;Knee Replacement;EQ VAS;68.621;30;55;70;81;95;72.926;40.5;65;75;85;95;4.305;-30.9;-5;2;15;45;107;29;67;203
Age;90 to 120;Knee Replacement;EQ-5D Index;0.346;-0.14;0.055;0.364;0.691;0.727;0.732;0.189;0.62;0.76;0.883;1;0.386;-0.069;0.127;0.327;0.637;0.912;181;20;17;218
Age;90 to 120;Knee Replacement;Oxford Knee Score;16.36;5;10;16;22;30;34.632;17;29;36;41.25;46;18.272;2.35;12;19;25;33;221;3;4;228
Age and Gender;0 - 10 to 14;Hip Replacement;EQ VAS;;;;;;;;;;;;;;;;;;;;;;
Age and Gender;0 - 10 to 14;Hip Replacement;EQ-5D Index;;;;;;;;;;;;;;;;;;;;;;
Age and Gender;0 - 10 to 14;Hip Replacement;Oxford Hip Score;;;;;;;;;;;;;;;;;;;;;;
Age and Gender;0 - 10 to 14;Knee Replacement;EQ VAS;;;;;;;;;;;;;;;;;;;;;;
Age and Gender;0 - 10 to 14;Knee Replacement;EQ-5D Index;;;;;;;;;;;;;;;;;;;;;;
Age and Gender;0 - 10 to 14;Knee Replacement;Oxford Knee Score;;;;;;;;;;;;;;;;;;;;;;
Age and Gender;0 - 15 to 19;Hip Replacement;EQ VAS;;;;;;;;;;;;;;;;;;;;;;
Age and Gender;0 - 15 to 19;Hip Replacement;EQ-5D Index;;;;;;;;;;;;;;;;;;;;;;
Age and Gender;0 - 15 to 19;Hip Replacement;Oxford Hip Score;;;;;;;;;;;;;;;;;;;;;;
Age and Gender;0 - 15 to 19;Knee Replacement;EQ VAS;;;;;;;;;;;;;;;;;;;;;;
Age and Gender;0 - 15 to 19;Knee Replacement;EQ-5D Index;;;;;;;;;;;;;;;;;;;;;;
Age and Gender;0 - 15 to 19;Knee Replacement;Oxford Knee Score;;;;;;;;;;;;;;;;;;;;;;
Age and Gender;0 - 20 to 24;Hip Replacement;EQ VAS;;;;;;;;;;;;;;;;;;;;;;
Age and Gender;0 - 20 to 24;Hip Replacement;EQ-5D Index;;;;;;;;;;;;;;;;;;;;;;
Age and Gender;0 - 20 to 24;Hip Replacement;Oxford Hip Score;;;;;;;;;;;;;;;;;;;;;;
Age and Gender;0 - 20 to 24;Knee Replacement;EQ VAS;;;;;;;;;;;;;;;;;;;;;;
Age and Gender;0 - 20 to 24;Knee Replacement;EQ-5D Index;;;;;;;;;;;;;;;;;;;;;;
Age and Gender;0 - 20 to 24;Knee Replacement;Oxford Knee Score;;;;;;;;;;;;;;;;;;;;;;
Age and Gender;0 - 25 to 29;Hip Replacement;EQ VAS;;;;;;;;;;;;;;;;;;;;;;
Age and Gender;0 - 25 to 29;Hip Replacement;EQ-5D Index;;;;;;;;;;;;;;;;;;;;;;
Age and Gender;0 - 25 to 29;Hip Replacement;Oxford Hip Score;;;;;;;;;;;;;;;;;;;;;;
Age and Gender;0 - 25 to 29;Knee Replacement;EQ VAS;;;;;;;;;;;;;;;;;;;;;;
Age and Gender;0 - 25 to 29;Knee Replacement;EQ-5D Index;;;;;;;;;;;;;;;;;;;;;;
Age and Gender;0 - 25 to 29;Knee Replacement;Oxford Knee Score;;;;;;;;;;;;;;;;;;;;;;
Age and Gender;0 - 30 to 34;Hip Replacement;EQ VAS;;;;;;;;;;;;;;;;;;;;;;
Age and Gender;0 - 30 to 34;Hip Replacement;EQ-5D Index;;;;;;;;;;;;;;;;;;;;;;
Age and Gender;0 - 30 to 34;Hip Replacement;Oxford Hip Score;;;;;;;;;;;;;;;;;;;;;;
Age and Gender;0 - 30 to 34;Knee Replacement;EQ VAS;;;;;;;;;;;;;;;;;;;;;;
Age and Gender;0 - 30 to 34;Knee Replacement;EQ-5D Index;;;;;;;;;;;;;;;;;;;;;;
Age and Gender;0 - 30 to 34;Knee Replacement;Oxford Knee Score;;;;;;;;;;;;;;;;;;;;;;
Age and Gender;0 - 35 to 39;Hip Replacement;EQ VAS;;;;;;;;;;;;;;;;;;;;;;
Age and Gender;0 - 35 to 39;Hip Replacement;EQ-5D Index;;;;;;;;;;;;;;;;;;;;;;
Age and Gender;0 - 35 to 39;Hip Replacement;Oxford Hip Score;;;;;;;;;;;;;;;;;;;;;;
Age and Gender;0 - 35 to 39;Knee Replacement;EQ VAS;;;;;;;;;;;;;;;;;;;;;;
Age and Gender;0 - 35 to 39;Knee Replacement;EQ-5D Index;;;;;;;;;;;;;;;;;;;;;;
Age and Gender;0 - 35 to 39;Knee Replacement;Oxford Knee Score;;;;;;;;;;;;;;;;;;;;;;
Age and Gender;0 - 40 to 44;Hip Replacement;EQ VAS;;;;;;;;;;;;;;;;;;;;;;
Age and Gender;0 - 40 to 44;Hip Replacement;EQ-5D Index;;;;;;;;;;;;;;;;;;;;;;
Age and Gender;0 - 40 to 44;Hip Replacement;Oxford Hip Score;;;;;;;;;;;;;;;;;;;;;;
Age and Gender;0 - 40 to 44;Knee Replacement;EQ VAS;;;;;;;;;;;;;;;;;;;;;;
Age and Gender;0 - 40 to 44;Knee Replacement;EQ-5D Index;;;;;;;;;;;;;;;;;;;;;;
Age and Gender;0 - 40 to 44;Knee Replacement;Oxford Knee Score;;;;;;;;;;;;;;;;;;;;;;
Age and Gender;0 - 45 to 49;Hip Replacement;EQ VAS;;;;;;;;;;;;;;;;;;;;;;
Age and Gender;0 - 45 to 49;Hip Replacement;EQ-5D Index;;;;;;;;;;;;;;;;;;;;;;
Age and Gender;0 - 45 to 49;Hip Replacement;Oxford Hip Score;;;;;;;;;;;;;;;;;;;;;;
Age and Gender;0 - 45 to 49;Knee Replacement;EQ VAS;;;;;;;;;;;;;;;;;;;;;;
Age and Gender;0 - 45 to 49;Knee Replacement;EQ-5D Index;;;;;;;;;;;;;;;;;;;;;;
Age and Gender;0 - 45 to 49;Knee Replacement;Oxford Knee Score;;;;;;;;;;;;;;;;;;;;;;
Age and Gender;0 - 50 to 54;Hip Replacement;EQ VAS;;;;;;;;;;;;;;;;;;;;;;
Age and Gender;0 - 50 to 54;Hip Replacement;EQ-5D Index;;;;;;;;;;;;;;;;;;;;;;
Age and Gender;0 - 50 to 54;Hip Replacement;Oxford Hip Score;;;;;;;;;;;;;;;;;;;;;;
Age and Gender;0 - 50 to 54;Knee Replacement;EQ VAS;;;;;;;;;;;;;;;;;;;;;;
Age and Gender;0 - 50 to 54;Knee Replacement;EQ-5D Index;;;;;;;;;;;;;;;;;;;;;;
Age and Gender;0 - 50 to 54;Knee Replacement;Oxford Knee Score;;;;;;;;;;;;;;;;;;;;;;
Age and Gender;0 - 55 to 59;Hip Replacement;EQ VAS;;;;;;;;;;;;;;;;;;;;;;
Age and Gender;0 - 55 to 59;Hip Replacement;EQ-5D Index;;;;;;;;;;;;;;;;;;;;;;
Age and Gender;0 - 55 to 59;Hip Replacement;Oxford Hip Score;;;;;;;;;;;;;;;;;;;;;;
Age and Gender;0 - 55 to 59;Knee Replacement;EQ VAS;;;;;;;;;;;;;;;;;;;;;;
Age and Gender;0 - 55 to 59;Knee Replacement;EQ-5D Index;;;;;;;;;;;;;;;;;;;;;;
Age and Gender;0 - 55 to 59;Knee Replacement;Oxford Knee Score;;;;;;;;;;;;;;;;;;;;;;
Age and Gender;0 - 60 to 64;Hip Replacement;EQ VAS;;;;;;;;;;;;;;;;;;;;;;
Age and Gender;0 - 60 to 64;Hip Replacement;EQ-5D Index;;;;;;;;;;;;;;;;;;;;;;
Age and Gender;0 - 60 to 64;Hip Replacement;Oxford Hip Score;;;;;;;;;;;;;;;;;;;;;;
Age and Gender;0 - 60 to 64;Knee Replacement;EQ VAS;;;;;;;;;;;;;;;;;;;;;;
Age and Gender;0 - 60 to 64;Knee Replacement;EQ-5D Index;;;;;;;;;;;;;;;;;;;;;;
Age and Gender;0 - 60 to 64;Knee Replacement;Oxford Knee Score;;;;;;;;;;;;;;;;;;;;;;
Age and Gender;0 - 65 to 69;Hip Replacement;EQ VAS;;;;;;;;;;;;;;;;;;;;;;
Age and Gender;0 - 65 to 69;Hip Replacement;EQ-5D Index;;;;;;;;;;;;;;;;;;;;;;
Age and Gender;0 - 65 to 69;Hip Replacement;Oxford Hip Score;;;;;;;;;;;;;;;;;;;;;;
Age and Gender;0 - 65 to 69;Knee Replacement;EQ VAS;;;;;;;;;;;;;;;;;;;;;;
Age and Gender;0 - 65 to 69;Knee Replacement;EQ-5D Index;0.62;0.62;0.62;0.62;0.62;0.62;0.689;0.689;0.689;0.689;0.689;0.689;0.069;0.069;0.069;0.069;0.069;0.069;1;0;0;1
Age and Gender;0 - 65 to 69;Knee Replacement;Oxford Knee Score;18;18;18;18;18;18;37;37;37;37;37;37;19;19;19;19;19;19;1;0;0;1
Age and Gender;0 - 70 to 74;Hip Replacement;EQ VAS;;;;;;;;;;;;;;;;;;;;;;
Age and Gender;0 - 70 to 74;Hip Replacement;EQ-5D Index;;;;;;;;;;;;;;;;;;;;;;
Age and Gender;0 - 70 to 74;Hip Replacement;Oxford Hip Score;;;;;;;;;;;;;;;;;;;;;;
Age and Gender;0 - 70 to 74;Knee Replacement;EQ VAS;90;90;90;90;90;90;100;100;100;100;100;100;10;10;10;10;10;10;1;0;0;1
Age and Gender;0 - 70 to 74;Knee Replacement;EQ-5D Index;0.796;0.796;0.796;0.796;0.796;0.796;1;1;1;1;1;1;0.204;0.204;0.204;0.204;0.204;0.204;1;0;0;1
Age and Gender;0 - 70 to 74;Knee Replacement;Oxford Knee Score;38;38;38;38;38;38;45;45;45;45;45;45;7;7;7;7;7;7;1;0;0;1
Age and Gender;0 - 75 to 79;Hip Replacement;EQ VAS;;;;;;;;;;;;;;;;;;;;;;
Age and Gender;0 - 75 to 79;Hip Replacement;EQ-5D Index;;;;;;;;;;;;;;;;;;;;;;
Age and Gender;0 - 75 to 79;Hip Replacement;Oxford Hip Score;;;;;;;;;;;;;;;;;;;;;;
Age and Gender;0 - 75 to 79;Knee Replacement;EQ VAS;52;52;52;52;52;52;80;80;80;80;80;80;28;28;28;28;28;28;1;0;0;1
Age and Gender;0 - 75 to 79;Knee Replacement;EQ-5D Index;0.691;0.691;0.691;0.691;0.691;0.691;0.85;0.85;0.85;0.85;0.85;0.85;0.159;0.159;0.159;0.159;0.159;0.159;1;0;0;1
Age and Gender;0 - 75 to 79;Knee Replacement;Oxford Knee Score;14;14;14;14;14;14;39;39;39;39;39;39;25;25;25;25;25;25;1;0;0;1
Age and Gender;0 - 80 to 84;Hip Replacement;EQ VAS;;;;;;;;;;;;;;;;;;;;;;
Age and Gender;0 - 80 to 84;Hip Replacement;EQ-5D Index;;;;;;;;;;;;;;;;;;;;;;
Age and Gender;0 - 80 to 84;Hip Replacement;Oxford Hip Score;;;;;;;;;;;;;;;;;;;;;;
Age and Gender;0 - 80 to 84;Knee Replacement;EQ VAS;;;;;;;;;;;;;;;;;;;;;;
Age and Gender;0 - 80 to 84;Knee Replacement;EQ-5D Index;;;;;;;;;;;;;;;;;;;;;;
Age and Gender;0 - 80 to 84;Knee Replacement;Oxford Knee Score;;;;;;;;;;;;;;;;;;;;;;
Age and Gender;0 - 85 to 89;Hip Replacement;EQ VAS;;;;;;;;;;;;;;;;;;;;;;
Age and Gender;0 - 85 to 89;Hip Replacement;EQ-5D Index;;;;;;;;;;;;;;;;;;;;;;
Age and Gender;0 - 85 to 89;Hip Replacement;Oxford Hip Score;;;;;;;;;;;;;;;;;;;;;;
Age and Gender;0 - 85 to 89;Knee Replacement;EQ VAS;;;;;;;;;;;;;;;;;;;;;;
Age and Gender;0 - 85 to 89;Knee Replacement;EQ-5D Index;;;;;;;;;;;;;;;;;;;;;;
Age and Gender;0 - 85 to 89;Knee Replacement;Oxford Knee Score;;;;;;;;;;;;;;;;;;;;;;
Age and Gender;0 - 90 to 120;Hip Replacement;EQ VAS;;;;;;;;;;;;;;;;;;;;;;
Age and Gender;0 - 90 to 120;Hip Replacement;EQ-5D Index;;;;;;;;;;;;;;;;;;;;;;
Age and Gender;0 - 90 to 120;Hip Replacement;Oxford Hip Score;;;;;;;;;;;;;;;;;;;;;;
Age and Gender;0 - 90 to 120;Knee Replacement;EQ VAS;;;;;;;;;;;;;;;;;;;;;;
Age and Gender;0 - 90 to 120;Knee Replacement;EQ-5D Index;;;;;;;;;;;;;;;;;;;;;;
Age and Gender;0 - 90 to 120;Knee Replacement;Oxford Knee Score;;;;;;;;;;;;;;;;;;;;;;
Age and Gender;1 - 10 to 14;Hip Replacement;EQ VAS;;;;;;;;;;;;;;;;;;;;;;
Age and Gender;1 - 10 to 14;Hip Replacement;EQ-5D Index;;;;;;;;;;;;;;;;;;;;;;
Age and Gender;1 - 10 to 14;Hip Replacement;Oxford Hip Score;;;;;;;;;;;;;;;;;;;;;;
Age and Gender;1 - 10 to 14;Knee Replacement;EQ VAS;;;;;;;;;;;;;;;;;;;;;;
Age and Gender;1 - 10 to 14;Knee Replacement;EQ-5D Index;;;;;;;;;;;;;;;;;;;;;;
Age and Gender;1 - 10 to 14;Knee Replacement;Oxford Knee Score;;;;;;;;;;;;;;;;;;;;;;
Age and Gender;1 - 15 to 19;Hip Replacement;EQ VAS;57;55.2;56;57;58;58.8;80;71;75;80;85;89;23;15.8;19;23;27;30.2;2;0;0;2
Age and Gender;1 - 15 to 19;Hip Replacement;EQ-5D Index;0.604;0.589;0.595;0.603;0.612;0.618;0.864;0.741;0.795;0.863;0.932;0.986;0.26;0.152;0.2;0.26;0.32;0.368;2;0;0;2
Age and Gender;1 - 15 to 19;Hip Replacement;Oxford Hip Score;21.5;17.45;19.25;21.5;23.75;25.55;44;40.4;42;44;46;47.6;22.5;22.05;22.25;22.5;22.75;22.95;2;0;0;2
Age and Gender;1 - 15 to 19;Knee Replacement;EQ VAS;85;85;85;85;85;85;95;95;95;95;95;95;10;10;10;10;10;10;1;0;0;1
Age and Gender;1 - 15 to 19;Knee Replacement;EQ-5D Index;0.055;0.055;0.055;0.055;0.055;0.055;1;1;1;1;1;1;0.945;0.945;0.945;0.945;0.945;0.945;1;0;0;1
Age and Gender;1 - 15 to 19;Knee Replacement;Oxford Knee Score;15;15;15;15;15;15;43;43;43;43;43;43;28;28;28;28;28;28;1;0;0;1
Age and Gender;1 - 20 to 24;Hip Replacement;EQ VAS;74.333;60.5;64;74.5;79.75;91.25;82.167;63.75;76.25;85;91.5;95;7.833;-8.5;-2.75;5.5;17.5;27.5;4;0;2;6
Age and Gender;1 - 20 to 24;Hip Replacement;EQ-5D Index;0.551;0.011;0.613;0.691;0.743;0.76;0.843;0.481;0.717;1;1;1;0.291;-0.185;0.257;0.309;0.387;0.706;5;0;1;6
Age and Gender;1 - 20 to 24;Hip Replacement;Oxford Hip Score;25.667;11.5;18.25;27.5;32.25;38.25;44;38.25;40.75;46;46.75;47.75;18.333;7.75;13.25;16;25.5;30.25;6;0;0;6
Age and Gender;1 - 20 to 24;Knee Replacement;EQ VAS;;;;;;;;;;;;;;;;;;;;;;
Age and Gender;1 - 20 to 24;Knee Replacement;EQ-5D Index;;;;;;;;;;;;;;;;;;;;;;
Age and Gender;1 - 20 to 24;Knee Replacement;Oxford Knee Score;;;;;;;;;;;;;;;;;;;;;;
Age and Gender;1 - 25 to 29;Hip Replacement;EQ VAS;52.308;16;50;60;60;72;72.615;26;65;80;90;100;20.308;-40;15;30;39;48;11;0;2;13
Age and Gender;1 - 25 to 29;Hip Replacement;EQ-5D Index;0.457;-0.082;0.516;0.587;0.62;0.719;0.738;-0.039;0.727;0.883;1;1;0.282;-0.277;0.123;0.367;0.413;0.764;11;0;2;13
Age and Gender;1 - 25 to 29;Hip Replacement;Oxford Hip Score;23.462;11.4;16;25;30;37.2;38.615;21.8;38;43;44;48;15.154;-1.6;11;17;23;27.4;12;0;1;13
Age and Gender;1 - 25 to 29;Knee Replacement;EQ VAS;80;80;80;80;80;80;80;80;80;80;80;80;0;0;0;0;0;0;0;1;0;1
Age and Gender;1 - 25 to 29;Knee Replacement;EQ-5D Index;0.727;0.727;0.727;0.727;0.727;0.727;0.796;0.796;0.796;0.796;0.796;0.796;0.069;0.069;0.069;0.069;0.069;0.069;1;0;0;1
Age and Gender;1 - 25 to 29;Knee Replacement;Oxford Knee Score;29;29;29;29;29;29;41;41;41;41;41;41;12;12;12;12;12;12;1;0;0;1
Age and Gender;1 - 30 to 34;Hip Replacement;EQ VAS;56.171;15;50;60;70;80;75.244;48;65;79;90;99;19.073;-6;5;20;30;45;32;4;5;41
Age and Gender;1 - 30 to 34;Hip Replacement;EQ-5D Index;0.335;-0.074;0.055;0.26;0.587;0.796;0.769;0.03;0.689;0.883;1;1;0.435;-0.013;0.156;0.413;0.756;0.945;36;2;3;41
Age and Gender;1 - 30 to 34;Hip Replacement;Oxford Hip Score;19.628;9;14;19;24;35.5;40.558;22.3;38;44;47;48;20.93;5.4;15;21;29;33.9;43;0;0;43
Age and Gender;1 - 30 to 34;Knee Replacement;EQ VAS;45;40.5;42.5;45;47.5;49.5;53.333;37;45;55;62.5;68.5;8.333;-7.5;2.5;15;17.5;19.5;2;0;1;3
Age and Gender;1 - 30 to 34;Knee Replacement;EQ-5D Index;0.338;0.113;0.213;0.338;0.462;0.562;0.425;0.186;0.292;0.425;0.558;0.664;0.088;0.073;0.079;0.088;0.096;0.102;2;0;0;2
Age and Gender;1 - 30 to 34;Knee Replacement;Oxford Knee Score;15;11.4;13;15;17;18.6;28;28;28;28;28;28;13;9.4;11;13;15;16.6;2;0;0;2
Age and Gender;1 - 35 to 39;Hip Replacement;EQ VAS;56.907;20;40;60;75;90.6;74.107;27.3;70;80;90;96.5;17.2;-26.2;0;20;33.5;57.1;53;4;18;75
Age and Gender;1 - 35 to 39;Hip Replacement;EQ-5D Index;0.266;-0.195;-0.016;0.189;0.587;0.76;0.699;-0.028;0.587;0.796;1;1;0.432;-0.454;0.159;0.503;0.776;1.019;64;5;8;77
Age and Gender;1 - 35 to 39;Hip Replacement;Oxford Hip Score;16.09;4.85;10;15;22;32.15;37.577;11.85;35;42;46;48;21.487;0.7;16;22.5;32;37;74;0;4;78
Age and Gender;1 - 35 to 39;Knee Replacement;EQ VAS;56.385;27.8;40;60;70;79;70.385;40;55;78;85;90.8;14;-17;0;10;25;53.2;8;2;3;13
Age and Gender;1 - 35 to 39;Knee Replacement;EQ-5D Index;0.343;-0.074;0.019;0.302;0.691;0.738;0.505;-0.122;0.058;0.674;0.796;1;0.162;-0.583;-0.167;0.105;0.664;0.905;7;0;5;12
Age and Gender;1 - 35 to 39;Knee Replacement;Oxford Knee Score;16.857;5.65;12.5;16.5;19.25;30;31.429;11.3;17.25;34.5;44;45.7;14.571;-3.5;5.5;13;26;31.8;12;1;1;14
Age and Gender;1 - 40 to 44;Hip Replacement;EQ VAS;59.79;20;45;60;79;90;78.707;50;70;80;91;98.2;18.917;-19.2;5;19;30;60;123;7;27;157
Age and Gender;1 - 40 to 44;Hip Replacement;EQ-5D Index;0.398;-0.074;0.055;0.587;0.691;0.729;0.835;0.516;0.723;1;1;1;0.437;-0.037;0.266;0.356;0.744;1.016;147;4;9;160
Age and Gender;1 - 40 to 44;Hip Replacement;Oxford Hip Score;20.226;8.35;14;20;26;35;40.845;15.35;39;45;48;48;20.619;0;14;22.5;29;36;158;2;8;168
Age and Gender;1 - 40 to 44;Knee Replacement;EQ VAS;67.146;25;60;70;80;95;72.561;30;65;80;90;95;5.415;-20;-5;5;10;50;22;5;14;41
Age and Gender;1 - 40 to 44;Knee Replacement;EQ-5D Index;0.192;-0.181;-0.016;0.088;0.595;0.691;0.585;-0.181;0.46;0.691;0.814;1;0.393;-0.173;0.106;0.419;0.685;1.004;32;2;6;40
Age and Gender;1 - 40 to 44;Knee Replacement;Oxford Knee Score;16.605;5.1;10.5;16;23.5;29.9;32.372;7.4;25;34;43;46.9;15.767;-5.8;7.5;16;25;33.7;37;0;6;43
Age and Gender;1 - 45 to 49;Hip Replacement;EQ VAS;62.063;20;50;70;80;90;78.911;35;74;85;90;100;16.849;-20.25;0;15;30;60.5;306;40;70;416
Age and Gender;1 - 45 to 49;Hip Replacement;EQ-5D Index;0.392;-0.074;0.055;0.516;0.691;0.76;0.817;0.177;0.727;1;1;1;0.425;-0.038;0.215;0.367;0.689;1.016;373;22;23;418
Age and Gender;1 - 45 to 49;Hip Replacement;Oxford Hip Score;19.189;8;13;18;25;33;40.736;19;38;45;47;48;21.547;3.15;15;22;29;36;428;4;12;444
Age and Gender;1 - 45 to 49;Knee Replacement;EQ VAS;65.228;30;50;70;80;95;73.817;33.8;60;80;90;100;8.589;-30;-5;7;20;45.1;112;19;49;180
Age and Gender;1 - 45 to 49;Knee Replacement;EQ-5D Index;0.378;-0.068;0.088;0.516;0.691;0.76;0.704;-0.012;0.62;0.76;1;1;0.325;-0.218;0.069;0.309;0.636;0.882;141;16;26;183
Age and Gender;1 - 45 to 49;Knee Replacement;Oxford Knee Score;19.648;8.6;14;19;25;32;35.865;12.6;30;40;44;48;16.218;-3;10;16;24;31.4;175;1;17;193
Age and Gender;1 - 50 to 54;Hip Replacement;EQ VAS;62.236;20;50;70;80;90;79.349;40;70;85;90;100;17.112;-20;0;14;30;64;640;82;150;872
Age and Gender;1 - 50 to 54;Hip Replacement;EQ-5D Index;0.381;-0.074;0.055;0.516;0.691;0.76;0.817;0.088;0.71;1;1;1;0.436;-0.069;0.204;0.38;0.74;1.016;805;45;50;900
Age and Gender;1 - 50 to 54;Hip Replacement;Oxford Hip Score;18.997;6;13;19;24;33;40.909;19;39;44;47;48;21.912;1;16;23;29;37.8;908;6;31;945
Age and Gender;1 - 50 to 54;Knee Replacement;EQ VAS;63.609;25;50;70;80;90;70.973;30;60;75;87.25;95;7.364;-31.7;-5;5;20;50;365;71;188;624
Age and Gender;1 - 50 to 54;Knee Replacement;EQ-5D Index;0.389;-0.074;0.088;0.516;0.691;0.76;0.686;0.055;0.587;0.76;0.883;1;0.297;-0.167;0.036;0.273;0.568;0.906;487;67;84;638
Age and Gender;1 - 50 to 54;Knee Replacement;Oxford Knee Score;18.887;7;13;18;24;33;34.197;12;27;37;43;47;15.31;-3;9;16;23;30;599;7;59;665
Age and Gender;1 - 55 to 59;Hip Replacement;EQ VAS;63.51;25;50;70;80;95;78.511;40;70;85;90;100;15.001;-20;0;10;28.5;55;1022;146;231;1399
Age and Gender;1 - 55 to 59;Hip Replacement;EQ-5D Index;0.402;-0.074;0.055;0.587;0.691;0.76;0.819;0.189;0.691;1;1;1;0.417;-0.046;0.204;0.377;0.659;0.977;1292;71;78;1441
Age and Gender;1 - 55 to 59;Hip Replacement;Oxford Hip Score;19.215;7;13;19;25;33;40.907;21;38;44;47;48;21.693;4;16;22;29;37;1458;8;34;1500
Age and Gender;1 - 55 to 59;Knee Replacement;EQ VAS;64.821;25;50;70;80;95;73.356;30;65;80;90;96;8.535;-30;-5;6;20;50;822;152;374;1348
Age and Gender;1 - 55 to 59;Knee Replacement;EQ-5D Index;0.401;-0.074;0.088;0.587;0.691;0.76;0.696;-0.016;0.62;0.746;0.883;1;0.294;-0.165;0.036;0.273;0.572;0.869;1098;132;176;1406
Age and Gender;1 - 55 to 59;Knee Replacement;Oxford Knee Score;19.209;8;13;19;24;33;34.706;13;28;37;43;47;15.497;-3;9;16;23;32.5;1357;16;118;1491
Age and Gender;1 - 60 to 64;Hip Replacement;EQ VAS;64.914;20;50;70;80;94;79.281;40;72;85;90;100;14.367;-20;0;10;28;59.85;1528;194;422;2144
Age and Gender;1 - 60 to 64;Hip Replacement;EQ-5D Index;0.409;-0.074;0.055;0.587;0.691;0.76;0.826;0.293;0.691;1;1;1;0.417;-0.017;0.204;0.38;0.638;1.003;2009;116;116;2241
Age and Gender;1 - 60 to 64;Hip Replacement;Oxford Hip Score;19.594;7;14;19;25;33;41.187;22.25;39;44;47;48;21.593;3;16;22;29;37;2272;10;64;2346
Age and Gender;1 - 60 to 64;Knee Replacement;EQ VAS;68.18;30;55;71;83.5;95;74.148;30.3;66;80;90;95;5.968;-30;-5;5;19;45;1431;351;765;2547
Age and Gender;1 - 60 to 64;Knee Replacement;EQ-5D Index;0.44;-0.074;0.142;0.62;0.691;0.76;0.722;0.055;0.62;0.76;1;1;0.282;-0.14;0.036;0.24;0.532;0.841;2048;287;315;2650
Age and Gender;1 - 60 to 64;Knee Replacement;Oxford Knee Score;20.048;8;15;20;25;33;35.449;14;30;38;43;47;15.402;-2;9;16;23;32;2533;42;187;2762
Age and Gender;1 - 65 to 69;Hip Replacement;EQ VAS;66.862;25;53;70;80;95;79.823;45;74;85;90;100;12.961;-18;0;10;25;55;2081;339;603;3023
Age and Gender;1 - 65 to 69;Hip Replacement;EQ-5D Index;0.412;-0.074;0.055;0.587;0.691;0.76;0.835;0.516;0.725;1;1;1;0.422;-0.036;0.204;0.367;0.694;1.003;2823;174;167;3164
Age and Gender;1 - 65 to 69;Hip Replacement;Oxford Hip Score;19.909;7;14;19;26;35;41.223;24;38;44;47;48;21.314;2;15;22;29;36;3201;21;108;3330
Age and Gender;1 - 65 to 69;Knee Replacement;EQ VAS;70.304;30;60;75;85;95;76.772;40;70;80;90;95;6.468;-25;-5;5;15;44.05;2194;534;1132;3860
Age and Gender;1 - 65 to 69;Knee Replacement;EQ-5D Index;0.467;-0.016;0.159;0.62;0.691;0.76;0.768;0.189;0.691;0.796;1;1;0.301;-0.104;0.069;0.28;0.532;0.841;3275;379;383;4037
Age and Gender;1 - 65 to 69;Knee Replacement;Oxford Knee Score;20.947;8.75;15;21;26;34;37.178;18;32;40;44;47;16.231;-1;10;17;23;32;4017;56;223;4296
Age and Gender;1 - 70 to 74;Hip Replacement;EQ VAS;68.376;27;55;74.5;85;95;78.625;40;70;80;90;100;10.249;-20;0;9;20;50;1914;321;739;2974
Age and Gender;1 - 70 to 74;Hip Replacement;EQ-5D Index;0.413;-0.074;0.055;0.587;0.691;0.76;0.825;0.516;0.691;0.883;1;1;0.413;-0.033;0.192;0.38;0.637;1.003;2740;185;161;3086
Age and Gender;1 - 70 to 74;Hip Replacement;Oxford Hip Score;19.746;7;14;19;25;34;40.615;23.25;37;44;47;48;20.869;3;15;21;28;36;3208;12;86;3306
Age and Gender;1 - 70 to 74;Knee Replacement;EQ VAS;71.322;35;60;75;85;95;77.198;40;70;80;90;97;5.876;-25;-5;5;15;40;2326;621;1203;4150
Age and Gender;1 - 70 to 74;Knee Replacement;EQ-5D Index;0.475;-0.016;0.159;0.62;0.691;0.796;0.785;0.26;0.691;0.796;1;1;0.31;-0.071;0.071;0.296;0.532;0.87;3568;417;359;4344
Age and Gender;1 - 70 to 74;Knee Replacement;Oxford Knee Score;21.29;9;16;21;27;34;37.676;20;33;40;45;47;16.386;-0.8;10;17;23;32;4308;66;231;4605
Age and Gender;1 - 75 to 79;Hip Replacement;EQ VAS;67.221;25;54.5;70;80;95;76.853;40;70;80;90;99;9.632;-25;-1;7;20;50;1474;299;606;2379
Age and Gender;1 - 75 to 79;Hip Replacement;EQ-5D Index;0.386;-0.074;0.055;0.516;0.691;0.727;0.804;0.312;0.691;0.848;1;1;0.418;-0.036;0.175;0.38;0.694;0.983;2223;148;148;2519
Age and Gender;1 - 75 to 79;Hip Replacement;Oxford Hip Score;19.145;6;13;19;25;34;39.76;22;36;42;46;48;20.615;3;14;21;28;37;2614;14;87;2715
Age and Gender;1 - 75 to 79;Knee Replacement;EQ VAS;71.593;38;60;75;85;95;76.424;45;70;80;90;95.8;4.831;-25;-5;5;15;40;1738;402;1005;3145
Age and Gender;1 - 75 to 79;Knee Replacement;EQ-5D Index;0.471;-0.016;0.159;0.62;0.691;0.796;0.781;0.403;0.691;0.796;1;1;0.31;-0.077;0.069;0.296;0.532;0.841;2672;329;272;3273
Age and Gender;1 - 75 to 79;Knee Replacement;Oxford Knee Score;21.339;9;16;21;27;34;37.144;20;32;39;44;47;15.806;-1;10;16;23;31;3327;32;199;3558
Age and Gender;1 - 80 to 84;Hip Replacement;EQ VAS;66.516;25;50;70;80;95;75.428;40;70;80;90;97;8.913;-25;-3;5;20;50;890;198;401;1489
Age and Gender;1 - 80 to 84;Hip Replacement;EQ-5D Index;0.366;-0.074;0.055;0.516;0.691;0.727;0.79;0.26;0.691;0.814;1;1;0.424;-0.069;0.175;0.38;0.694;1.003;1391;75;102;1568
Age and Gender;1 - 80 to 84;Hip Replacement;Oxford Hip Score;18.639;6;12;18;24;33;39.14;23;35;41;46;48;20.501;2.7;14;21;28;36;1626;12;57;1695
Age and Gender;1 - 80 to 84;Knee Replacement;EQ VAS;71.776;37.95;60;75;85;95;75.627;40;70;80;90;96;3.851;-25;-5;2;13;40;869;252;579;1700
Age and Gender;1 - 80 to 84;Knee Replacement;EQ-5D Index;0.461;-0.016;0.159;0.587;0.691;0.76;0.767;0.296;0.691;0.796;1;1;0.306;-0.104;0.069;0.273;0.534;0.841;1435;194;155;1784
Age and Gender;1 - 80 to 84;Knee Replacement;Oxford Knee Score;20.948;8;15;21;26;35;36.618;19;31;38;44;47;15.669;-2;10;16;23;32;1823;17;114;1954
Age and Gender;1 - 85 to 89;Hip Replacement;EQ VAS;66.677;20;55;70;80;95;74.295;44.25;65;80;89;95;7.618;-25;-5;5;20;47.3;278;44;136;458
Age and Gender;1 - 85 to 89;Hip Replacement;EQ-5D Index;0.317;-0.092;-0.003;0.26;0.587;0.691;0.755;0.26;0.656;0.796;1;1;0.437;0;0.191;0.413;0.707;0.955;436;25;23;484
Age and Gender;1 - 85 to 89;Hip Replacement;Oxford Hip Score;17.35;4.5;10;16;23;33;37.742;19;33;40;44;48;20.392;2;14;20;28;37;510;3;18;531
Age and Gender;1 - 85 to 89;Knee Replacement;EQ VAS;68.844;30;60;70;80;95;73.141;40;60;79;88;95;4.296;-30;-5;3;15;40;279;73;181;533
Age and Gender;1 - 85 to 89;Knee Replacement;EQ-5D Index;0.456;-0.074;0.159;0.587;0.691;0.727;0.741;0.189;0.623;0.76;1;1;0.286;-0.104;0.041;0.274;0.462;0.856;435;60;61;556
Age and Gender;1 - 85 to 89;Knee Replacement;Oxford Knee Score;20.078;7;14;20;26;33;35.596;16;30;38;43;47;15.518;0;9;16;22;31;576;6;30;612
Age and Gender;1 - 90 to 120;Hip Replacement;EQ VAS;61.844;23;50;70;76;95;73.078;39;65;78;88;95;11.234;-18.8;-1;10;20;53;50;6;21;77
Age and Gender;1 - 90 to 120;Hip Replacement;EQ-5D Index;0.269;-0.074;-0.003;0.189;0.587;0.691;0.737;0.263;0.587;0.796;0.883;1;0.469;0;0.227;0.45;0.759;0.919;76;5;4;85
Age and Gender;1 - 90 to 120;Hip Replacement;Oxford Hip Score;14.989;2.45;7;14;21.75;30.65;36.756;20;31.25;39;44;47.55;21.767;0.35;15.25;23.5;31;36;85;0;5;90
Age and Gender;1 - 90 to 120;Knee Replacement;EQ VAS;73.278;30;65;75;90;100;76.911;48.1;70;80;90;95;3.633;-40.5;-5;0;15;45.5;39;15;25;79
Age and Gender;1 - 90 to 120;Knee Replacement;EQ-5D Index;0.445;-0.074;0.159;0.587;0.691;0.78;0.785;0.432;0.691;0.814;1;1;0.34;-0.071;0.119;0.291;0.532;0.942;75;9;6;90
Age and Gender;1 - 90 to 120;Knee Replacement;Oxford Knee Score;19.467;6;13.75;19;25;34.35;36.098;20;30;38;43;46;16.63;2.55;10;16;23;31.35;89;1;2;92
Age and Gender;2 - 10 to 14;Hip Replacement;EQ VAS;;;;;;;;;;;;;;;;;;;;;;
Age and Gender;2 - 10 to 14;Hip Replacement;EQ-5D Index;;;;;;;;;;;;;;;;;;;;;;
Age and Gender;2 - 10 to 14;Hip Replacement;Oxford Hip Score;;;;;;;;;;;;;;;;;;;;;;
Age and Gender;2 - 10 to 14;Knee Replacement;EQ VAS;;;;;;;;;;;;;;;;;;;;;;
Age and Gender;2 - 10 to 14;Knee Replacement;EQ-5D Index;;;;;;;;;;;;;;;;;;;;;;
Age and Gender;2 - 10 to 14;Knee Replacement;Oxford Knee Score;;;;;;;;;;;;;;;;;;;;;;
Age and Gender;2 - 15 to 19;Hip Replacement;EQ VAS;51.75;18.75;33.75;55;73;80.2;80;51.75;78.75;90;91.25;94.25;28.25;14.05;18.25;25;35;47;4;0;0;4
Age and Gender;2 - 15 to 19;Hip Replacement;EQ-5D Index;0.022;-0.258;-0.014;0.124;0.159;0.159;0.89;0.731;0.814;0.924;1;1;0.868;0.772;0.821;0.841;0.888;1.001;4;0;0;4
Age and Gender;2 - 15 to 19;Hip Replacement;Oxford Hip Score;14.75;7.45;9.25;14;19.5;23.1;45;38.5;44.5;47.5;48;48;30.25;24.45;26.25;28.5;32.5;38.5;4;0;0;4
Age and Gender;2 - 15 to 19;Knee Replacement;EQ VAS;;;;;;;;;;;;;;;;;;;;;;
Age and Gender;2 - 15 to 19;Knee Replacement;EQ-5D Index;;;;;;;;;;;;;;;;;;;;;;
Age and Gender;2 - 15 to 19;Knee Replacement;Oxford Knee Score;;;;;;;;;;;;;;;;;;;;;;
Age and Gender;2 - 20 to 24;Hip Replacement;EQ VAS;55.111;19.1;41.25;60;68;90;81.611;59.25;71.25;85;93.75;98.3;26.5;-11.5;7.25;25;47;65.15;15;1;2;18
Age and Gender;2 - 20 to 24;Hip Replacement;EQ-5D Index;0.254;-0.25;-0.016;0.055;0.603;0.691;0.822;0.527;0.778;0.848;1;1;0.568;0.118;0.237;0.484;0.905;1.172;19;0;0;19
Age and Gender;2 - 20 to 24;Hip Replacement;Oxford Hip Score;18;5.9;11;16;25;29.45;40.35;27.65;36.75;43.5;45.5;48;22.35;9.9;16.75;20;28.5;34.3;20;0;0;20
Age and Gender;2 - 20 to 24;Knee Replacement;EQ VAS;70;70;70;70;70;70;80;80;80;80;80;80;10;10;10;10;10;10;1;0;0;1
Age and Gender;2 - 20 to 24;Knee Replacement;EQ-5D Index;-0.016;-0.016;-0.016;-0.016;-0.016;-0.016;0.848;0.848;0.848;0.848;0.848;0.848;0.864;0.864;0.864;0.864;0.864;0.864;1;0;0;1
Age and Gender;2 - 20 to 24;Knee Replacement;Oxford Knee Score;5;5;5;5;5;5;42;42;42;42;42;42;37;37;37;37;37;37;1;0;0;1
Age and Gender;2 - 25 to 29;Hip Replacement;EQ VAS;61.278;30;44.75;65;78.75;95;78.167;48.65;70;80;90;98.3;16.889;-5.75;0;10.5;29.5;51.5;12;3;3;18
Age and Gender;2 - 25 to 29;Hip Replacement;EQ-5D Index;0.145;-0.075;-0.016;0.055;0.312;0.537;0.743;0.356;0.552;0.796;1;1;0.598;0.048;0.532;0.636;0.827;0.985;14;0;1;15
Age and Gender;2 - 25 to 29;Hip Replacement;Oxford Hip Score;17.389;6.85;10;16;20.75;36;37.667;19.7;30.5;41.5;45.5;47.15;20.278;10.1;14.25;20.5;23.75;33;18;0;0;18
Age and Gender;2 - 25 to 29;Knee Replacement;EQ VAS;65;51.5;57.5;65;72.5;78.5;45;13.5;27.5;45;62.5;76.5;-20;-38;-30;-20;-10;-2;0;1;1;2
Age and Gender;2 - 25 to 29;Knee Replacement;EQ-5D Index;0.455;0.055;0.337;0.691;0.691;0.691;0.605;0.098;0.408;0.796;0.898;0.98;0.15;0.043;0.071;0.105;0.207;0.289;3;0;0;3
Age and Gender;2 - 25 to 29;Knee Replacement;Oxford Knee Score;17.667;9;13;18;22.5;26.1;43;42.1;42.5;43;43.5;43.9;25.333;16.1;20.5;26;30.5;34.1;3;0;0;3
Age and Gender;2 - 30 to 34;Hip Replacement;EQ VAS;50.569;20;30;50;67.5;87.5;71.922;25;60;75;90;100;21.353;-10;10;20;33;53;42;4;5;51
Age and Gender;2 - 30 to 34;Hip Replacement;EQ-5D Index;0.281;-0.074;0.03;0.101;0.62;0.705;0.663;-0.14;0.587;0.691;1;1;0.381;-0.293;0.071;0.344;0.694;0.945;42;3;8;53
Age and Gender;2 - 30 to 34;Hip Replacement;Oxford Hip Score;17.167;3.65;9;14.5;26;35;36.444;13.95;33;39;45;48;19.278;3.3;11;20;28.5;35;52;0;2;54
Age and Gender;2 - 30 to 34;Knee Replacement;EQ VAS;34.286;21.5;27.5;30;42.5;50;55.571;24.5;37.5;44;75;97;21.286;-10.5;7;15;32.5;61;5;1;1;7
Age and Gender;2 - 30 to 34;Knee Replacement;EQ-5D Index;-0.011;-0.266;-0.005;0.042;0.055;0.133;0.513;-0.183;0.143;0.665;0.928;1;0.524;0.028;0.23;0.622;0.795;0.919;5;1;0;6
Age and Gender;2 - 30 to 34;Knee Replacement;Oxford Knee Score;8.286;3.9;7;9;9.5;12.1;33.857;21.6;31.5;35;39.5;41.7;25.571;16.8;23;25;28.5;33.9;7;0;0;7
Age and Gender;2 - 35 to 39;Hip Replacement;EQ VAS;58.633;20;40;60;80;90.75;76.837;38.5;70;80;95;100;18.204;-30;0;15;40;59.15;71;8;19;98
Age and Gender;2 - 35 to 39;Hip Replacement;EQ-5D Index;0.303;-0.181;0.055;0.222;0.587;0.691;0.732;-0.016;0.587;0.815;1;1;0.429;-0.071;0.227;0.434;0.637;0.945;88;2;7;97
Age and Gender;2 - 35 to 39;Hip Replacement;Oxford Hip Score;17.434;6.25;12;17;23;30.75;37.868;19;31.25;42.5;46.75;48;20.434;-1.75;15.25;21;28;37.25;99;0;7;106
Age and Gender;2 - 35 to 39;Knee Replacement;EQ VAS;50.818;17.5;37;50;65;82.5;72.091;44;60;70;90;92.5;21.273;-6;15;20;33;42.5;9;0;2;11
Age and Gender;2 - 35 to 39;Knee Replacement;EQ-5D Index;0.291;-0.085;0.062;0.174;0.62;0.652;0.599;-0.016;0.409;0.742;0.86;1;0.308;-0.343;0.034;0.38;0.64;0.755;9;0;3;12
Age and Gender;2 - 35 to 39;Knee Replacement;Oxford Knee Score;14.545;6;10;12;20;24;30.909;10.5;23;31;41.5;45;16.364;-3;14.5;21;22;25.5;9;0;2;11
Age and Gender;2 - 40 to 44;Hip Replacement;EQ VAS;58.397;20;40;60;80;95;74.474;30;65;80;90;99.6;16.077;-25;0;15;33;60;147;16;46;209
Age and Gender;2 - 40 to 44;Hip Replacement;EQ-5D Index;0.32;-0.239;-0.016;0.364;0.62;0.76;0.756;0.02;0.62;0.812;1;1;0.436;-0.035;0.204;0.413;0.697;0.945;183;7;11;201
Age and Gender;2 - 40 to 44;Hip Replacement;Oxford Hip Score;16.902;4;11;16;21;33;37.884;11.4;34;42;46;48;20.982;1;15;22;30;35;214;1;10;225
Age and Gender;2 - 40 to 44;Knee Replacement;EQ VAS;60.84;30;50;60;75;95;64.013;20;50;70;80;90;3.173;-43;-12.5;5;23.5;45.3;39;8;28;75
Age and Gender;2 - 40 to 44;Knee Replacement;EQ-5D Index;0.246;-0.2;0.055;0.101;0.62;0.691;0.56;-0.086;0.353;0.691;0.796;1;0.313;-0.108;0;0.313;0.637;0.841;54;8;13;75
Age and Gender;2 - 40 to 44;Knee Replacement;Oxford Knee Score;14.429;4;8.75;14;19;28;29.869;6.45;21;34;39.25;45;15.44;-3;6.75;17.5;23;29.85;76;0;8;84
Age and Gender;2 - 45 to 49;Hip Replacement;EQ VAS;59.135;20;40;60;79.5;95;74.784;30;65;80;90;100;15.649;-25;0;15;30;60;375;48;104;527
Age and Gender;2 - 45 to 49;Hip Replacement;EQ-5D Index;0.319;-0.181;-0.016;0.364;0.62;0.74;0.742;0.055;0.62;0.796;1;1;0.423;-0.071;0.14;0.38;0.733;1.016;457;35;33;525
Age and Gender;2 - 45 to 49;Hip Replacement;Oxford Hip Score;16.532;5;10.75;16;22;30.05;38.346;16;33;42;47;48;21.814;2;15;22;29;37;541;3;16;560
Age and Gender;2 - 45 to 49;Knee Replacement;EQ VAS;56.232;20;40;55;75;90;66.327;20;50;70;85;97.85;10.095;-34.25;-6.25;10;30;50;174;22;88;284
Age and Gender;2 - 45 to 49;Knee Replacement;EQ-5D Index;0.276;-0.181;-0.003;0.159;0.62;0.727;0.585;-0.074;0.516;0.691;0.796;1;0.309;-0.224;0;0.309;0.601;0.864;209;34;41;284
Age and Gender;2 - 45 to 49;Knee Replacement;Oxford Knee Score;14.677;5;9;13;19;28;31.09;10;23;34;40;46;16.413;-2;9;17;25;33;284;4;22;310
Age and Gender;2 - 50 to 54;Hip Replacement;EQ VAS;58.497;20;40;60;80;94.7;77.315;32;70;80;90;100;18.818;-20;1;15;35;65;801;83;183;1067
Age and Gender;2 - 50 to 54;Hip Replacement;EQ-5D Index;0.318;-0.181;-0.003;0.26;0.62;0.729;0.766;0.082;0.689;0.812;1;1;0.448;-0.037;0.192;0.413;0.741;1.004;969;70;61;1100
Age and Gender;2 - 50 to 54;Hip Replacement;Oxford Hip Score;16.722;6;11;16;22;31;38.98;17;35;43;47;48;22.259;2;16;24;30;37;1135;12;29;1176
Age and Gender;2 - 50 to 54;Knee Replacement;EQ VAS;59.179;20;40;60;80;95;68.651;30;50;75;85;95;9.472;-40;-5;10;25;55;595;99;278;972
Age and Gender;2 - 50 to 54;Knee Replacement;EQ-5D Index;0.299;-0.135;0.055;0.159;0.62;0.691;0.634;-0.016;0.516;0.691;0.796;1;0.334;-0.176;0.058;0.309;0.637;0.865;789;101;127;1017
Age and Gender;2 - 50 to 54;Knee Replacement;Oxford Knee Score;15.841;5.5;11;15;20;28;31.962;11;24;35;41;46;16.121;-2;9;17;24;32;998;17;76;1091
Age and Gender;2 - 55 to 59;Hip Replacement;EQ VAS;60.031;20;40;61;80;95;78.288;40;70;82;90;100;18.257;-20;0;15;35;65;1284;148;349;1781
Age and Gender;2 - 55 to 59;Hip Replacement;EQ-5D Index;0.328;-0.077;0.03;0.293;0.62;0.727;0.784;0.124;0.691;0.831;1;1;0.456;-0.005;0.204;0.413;0.741;1.016;1613;99;92;1804
Age and Gender;2 - 55 to 59;Hip Replacement;Oxford Hip Score;16.741;6;11;16;22;31;39.85;20;36;43;47;48;23.109;4;17;24;30;38;1874;7;50;1931
Age and Gender;2 - 55 to 59;Knee Replacement;EQ VAS;61.404;20;50;65;80;93;71.107;30;60;78;90;95.75;9.704;-30;-5;10;25;50;1128;201;517;1846
Age and Gender;2 - 55 to 59;Knee Replacement;EQ-5D Index;0.331;-0.135;0.055;0.189;0.691;0.727;0.666;-0.016;0.587;0.71;0.848;1;0.336;-0.165;0.069;0.309;0.603;0.881;1526;177;208;1911
Age and Gender;2 - 55 to 59;Knee Replacement;Oxford Knee Score;16.663;6;11;16;21;30;33.03;13;26;36;42;46;16.366;-1;10;17;24;31;1913;34;127;2074
Age and Gender;2 - 60 to 64;Hip Replacement;EQ VAS;62.012;20;50;65;80;95;78.319;40;70;82;90;100;16.307;-20;0;15;30;60;1944;256;515;2715
Age and Gender;2 - 60 to 64;Hip Replacement;EQ-5D Index;0.344;-0.125;0.055;0.516;0.621;0.76;0.794;0.186;0.691;0.848;1;1;0.45;-0.071;0.204;0.413;0.74;1.016;2494;135;173;2802
Age and Gender;2 - 60 to 64;Hip Replacement;Oxford Hip Score;17.347;5;11;17;23;32;39.845;20.3;36;43;47;48;22.498;2;17;24;30;37.7;2891;19;97;3007
Age and Gender;2 - 60 to 64;Knee Replacement;EQ VAS;63.168;24.4;50;70;80;95;72.566;30;60;80;90;97;9.398;-30;-3;10;24;50;1944;358;827;3129
Age and Gender;2 - 60 to 64;Knee Replacement;EQ-5D Index;0.368;-0.074;0.088;0.516;0.691;0.74;0.702;0.055;0.62;0.727;0.883;1;0.334;-0.104;0.069;0.309;0.603;0.899;2596;317;312;3225
Age and Gender;2 - 60 to 64;Knee Replacement;Oxford Knee Score;17.479;7;12;17;22;30;34.196;14;28;36;42;47;16.717;-1;10;17;24;32;3238;29;188;3455
Age and Gender;2 - 65 to 69;Hip Replacement;EQ VAS;63.555;20;50;70;80;95;78.791;44;70;80;90;100;15.236;-20;0;10;30;60;3077;441;880;4398
Age and Gender;2 - 65 to 69;Hip Replacement;EQ-5D Index;0.348;-0.074;0.055;0.516;0.656;0.76;0.804;0.229;0.691;0.848;1;1;0.456;0;0.204;0.413;0.754;1.016;4118;227;217;4562
Age and Gender;2 - 65 to 69;Hip Replacement;Oxford Hip Score;17.71;6;12;17;23;32;40.188;22;37;43;47;48;22.478;4;16;23;30;38;4798;28;115;4941
Age and Gender;2 - 65 to 69;Knee Replacement;EQ VAS;66.756;30;50;70;80;95;74.955;40;65;80;90;97;8.2;-28;-5;5;20;49;2850;579;1332;4761
Age and Gender;2 - 65 to 69;Knee Replacement;EQ-5D Index;0.394;-0.074;0.088;0.587;0.691;0.76;0.737;0.088;0.689;0.76;1;1;0.343;-0.104;0.071;0.309;0.605;0.899;4082;462;419;4963
Age and Gender;2 - 65 to 69;Knee Replacement;Oxford Knee Score;18.258;7;13;18;23;31;35.455;17;30;38;43;47;17.196;1;11;18;24;32;5124;35;223;5382
Age and Gender;2 - 70 to 74;Hip Replacement;EQ VAS;65.166;21.45;50;70;80;95;77.436;40;70;80;90;100;12.271;-20;0;10;25;55;3145;513;1112;4770
Age and Gender;2 - 70 to 74;Hip Replacement;EQ-5D Index;0.342;-0.074;0.055;0.516;0.689;0.727;0.795;0.309;0.691;0.814;1;1;0.453;0;0.192;0.413;0.74;1.003;4494;265;239;4998
Age and Gender;2 - 70 to 74;Hip Replacement;Oxford Hip Score;17.769;5;12;17;23;32;39.305;22;35;42;46;48;21.537;4;15;22;29;37;5276;34;106;5416
Age and Gender;2 - 70 to 74;Knee Replacement;EQ VAS;67.834;30;52;70;80;95;75.167;40;68;80;90;98;7.333;-26;-5;5;20;45;2897;632;1438;4967
Age and Gender;2 - 70 to 74;Knee Replacement;EQ-5D Index;0.412;-0.074;0.101;0.587;0.691;0.76;0.754;0.186;0.691;0.796;1;1;0.342;-0.071;0.071;0.309;0.603;0.899;4369;493;403;5265
Age and Gender;2 - 70 to 74;Knee Replacement;Oxford Knee Score;18.543;7;13;18;24;31;35.713;18;30;38;43;47;17.17;0;11;18;24;32;5431;60;239;5730
Age and Gender;2 - 75 to 79;Hip Replacement;EQ VAS;63.753;20;50;70;80;95;74.909;40;66;80;90;98;11.156;-25;-1;10;25;54;2553;391;1010;3954
Age and Gender;2 - 75 to 79;Hip Replacement;EQ-5D Index;0.323;-0.074;0.024;0.255;0.62;0.727;0.766;0.189;0.691;0.796;1;1;0.443;-0.036;0.175;0.413;0.713;1.003;3663;251;239;4153
Age and Gender;2 - 75 to 79;Hip Replacement;Oxford Hip Score;17.14;5;11;16;23;32;37.912;20;33;40;45;48;20.773;3;14;21;28;36.3;4474;29;112;4615
Age and Gender;2 - 75 to 79;Knee Replacement;EQ VAS;67.564;30;50;70;80;95;73.37;40;61;79;88;95;5.806;-30;-5;5;18;42;2163;523;1225;3911
Age and Gender;2 - 75 to 79;Knee Replacement;EQ-5D Index;0.404;-0.074;0.088;0.587;0.691;0.76;0.738;0.159;0.689;0.76;1;1;0.334;-0.071;0.071;0.309;0.603;0.87;3469;397;321;4187
Age and Gender;2 - 75 to 79;Knee Replacement;Oxford Knee Score;18.173;7;13;18;23;31;34.957;17;29;37;43;47;16.783;0;10;17;24;32;4371;32;204;4607
Age and Gender;2 - 80 to 84;Hip Replacement;EQ VAS;62.744;20;50;69.5;80;90;73.776;40;65;75.5;88;95;11.032;-25;-2;10;25;52;1418;254;606;2278
Age and Gender;2 - 80 to 84;Hip Replacement;EQ-5D Index;0.301;-0.077;-0.003;0.173;0.62;0.691;0.756;0.26;0.656;0.779;1;1;0.455;0;0.175;0.432;0.726;1.003;2152;160;116;2428
Age and Gender;2 - 80 to 84;Hip Replacement;Oxford Hip Score;16.707;4;10;16;22;32;37.318;20;32;39;44;48;20.611;3;14;21;28;36;2600;12;66;2678
Age and Gender;2 - 80 to 84;Knee Replacement;EQ VAS;66.666;30;50;70;80;95;73.245;40;60;78;85;95;6.579;-25;-5;5;20;45;1301;285;711;2297
Age and Gender;2 - 80 to 84;Knee Replacement;EQ-5D Index;0.389;-0.074;0.088;0.516;0.691;0.727;0.736;0.189;0.656;0.76;0.883;1;0.347;-0.07;0.104;0.309;0.631;0.888;2039;229;179;2447
Age and Gender;2 - 80 to 84;Knee Replacement;Oxford Knee Score;17.702;6;12;17;23;31;34.531;17;29;36;42;47;16.829;1;10;17;23;32;2622;21;105;2748
Age and Gender;2 - 85 to 89;Hip Replacement;EQ VAS;58.981;19;44.5;60;80;90;71.435;40;60;75;85;95;12.454;-21.3;-5;10;30;60;549;89;257;895
Age and Gender;2 - 85 to 89;Hip Replacement;EQ-5D Index;0.234;-0.181;-0.016;0.101;0.587;0.691;0.727;0.159;0.62;0.743;0.883;1;0.493;0;0.192;0.532;0.765;1.003;834;52;45;931
Age and Gender;2 - 85 to 89;Hip Replacement;Oxford Hip Score;14.926;3;8;14;20;31;36.332;20.4;31;38;43;47;21.406;4;15;22;28;37;1023;6;20;1049
Age and Gender;2 - 85 to 89;Knee Replacement;EQ VAS;64.959;30;50;70;80;95;70.429;30;60;75;85;95;5.47;-30;-7.5;5;19.5;45;451;124;264;839
Age and Gender;2 - 85 to 89;Knee Replacement;EQ-5D Index;0.361;-0.074;0.055;0.516;0.691;0.727;0.718;0.188;0.62;0.727;0.883;1;0.356;-0.104;0.079;0.309;0.637;0.899;720;87;68;875
Age and Gender;2 - 85 to 89;Knee Replacement;Oxford Knee Score;16.527;5;11;16;22;30;33.926;16.6;28;35;41;46.4;17.4;0.6;10;18;25;33;943;7;43;993
Age and Gender;2 - 90 to 120;Hip Replacement;EQ VAS;61.132;24;50;65;80;90;69.264;40;50;70;80;91;8.132;-29.2;-7;5;23;50.2;109;27;61;197
Age and Gender;2 - 90 to 120;Hip Replacement;EQ-5D Index;0.189;-0.212;-0.016;0.055;0.516;0.691;0.69;0.189;0.587;0.71;0.85;1;0.501;0;0.263;0.532;0.762;1.003;188;13;10;211
Age and Gender;2 - 90 to 120;Hip Replacement;Oxford Hip Score;12.636;2.75;7;11;17.25;28;35.331;21;31;37;41;46;22.695;5;16;23;30;37;231;0;5;236
Age and Gender;2 - 90 to 120;Knee Replacement;EQ VAS;65.653;30;50;70;80;94.7;70.387;40.75;60;70;80;95;4.734;-28.4;-5;5;18.5;44.25;68;14;42;124
Age and Gender;2 - 90 to 120;Knee Replacement;EQ-5D Index;0.277;-0.155;0.03;0.159;0.587;0.691;0.695;0.189;0.587;0.727;0.85;1;0.418;-0.045;0.15;0.413;0.694;0.905;106;11;11;128
Age and Gender;2 - 90 to 120;Knee Replacement;Oxford Knee Score;14.257;4;9;14;20;25;33.64;11.75;28;36;40;46;19.382;3.5;14;21;25;33.5;132;2;2;136
Age and Gender;9 - 10 to 14;Hip Replacement;EQ VAS;;;;;;;;;;;;;;;;;;;;;;
Age and Gender;9 - 10 to 14;Hip Replacement;EQ-5D Index;;;;;;;;;;;;;;;;;;;;;;
Age and Gender;9 - 10 to 14;Hip Replacement;Oxford Hip Score;;;;;;;;;;;;;;;;;;;;;;
Age and Gender;9 - 10 to 14;Knee Replacement;EQ VAS;;;;;;;;;;;;;;;;;;;;;;
Age and Gender;9 - 10 to 14;Knee Replacement;EQ-5D Index;;;;;;;;;;;;;;;;;;;;;;
Age and Gender;9 - 10 to 14;Knee Replacement;Oxford Knee Score;;;;;;;;;;;;;;;;;;;;;;
Age and Gender;9 - 15 to 19;Hip Replacement;EQ VAS;;;;;;;;;;;;;;;;;;;;;;
Age and Gender;9 - 15 to 19;Hip Replacement;EQ-5D Index;;;;;;;;;;;;;;;;;;;;;;
Age and Gender;9 - 15 to 19;Hip Replacement;Oxford Hip Score;;;;;;;;;;;;;;;;;;;;;;
Age and Gender;9 - 15 to 19;Knee Replacement;EQ VAS;;;;;;;;;;;;;;;;;;;;;;
Age and Gender;9 - 15 to 19;Knee Replacement;EQ-5D Index;;;;;;;;;;;;;;;;;;;;;;
Age and Gender;9 - 15 to 19;Knee Replacement;Oxford Knee Score;;;;;;;;;;;;;;;;;;;;;;
Age and Gender;9 - 20 to 24;Hip Replacement;EQ VAS;;;;;;;;;;;;;;;;;;;;;;
Age and Gender;9 - 20 to 24;Hip Replacement;EQ-5D Index;;;;;;;;;;;;;;;;;;;;;;
Age and Gender;9 - 20 to 24;Hip Replacement;Oxford Hip Score;;;;;;;;;;;;;;;;;;;;;;
Age and Gender;9 - 20 to 24;Knee Replacement;EQ VAS;;;;;;;;;;;;;;;;;;;;;;
Age and Gender;9 - 20 to 24;Knee Replacement;EQ-5D Index;;;;;;;;;;;;;;;;;;;;;;
Age and Gender;9 - 20 to 24;Knee Replacement;Oxford Knee Score;;;;;;;;;;;;;;;;;;;;;;
Age and Gender;9 - 25 to 29;Hip Replacement;EQ VAS;;;;;;;;;;;;;;;;;;;;;;
Age and Gender;9 - 25 to 29;Hip Replacement;EQ-5D Index;;;;;;;;;;;;;;;;;;;;;;
Age and Gender;9 - 25 to 29;Hip Replacement;Oxford Hip Score;;;;;;;;;;;;;;;;;;;;;;
Age and Gender;9 - 25 to 29;Knee Replacement;EQ VAS;;;;;;;;;;;;;;;;;;;;;;
Age and Gender;9 - 25 to 29;Knee Replacement;EQ-5D Index;;;;;;;;;;;;;;;;;;;;;;
Age and Gender;9 - 25 to 29;Knee Replacement;Oxford Knee Score;;;;;;;;;;;;;;;;;;;;;;
Age and Gender;9 - 30 to 34;Hip Replacement;EQ VAS;;;;;;;;;;;;;;;;;;;;;;
Age and Gender;9 - 30 to 34;Hip Replacement;EQ-5D Index;;;;;;;;;;;;;;;;;;;;;;
Age and Gender;9 - 30 to 34;Hip Replacement;Oxford Hip Score;;;;;;;;;;;;;;;;;;;;;;
Age and Gender;9 - 30 to 34;Knee Replacement;EQ VAS;;;;;;;;;;;;;;;;;;;;;;
Age and Gender;9 - 30 to 34;Knee Replacement;EQ-5D Index;;;;;;;;;;;;;;;;;;;;;;
Age and Gender;9 - 30 to 34;Knee Replacement;Oxford Knee Score;;;;;;;;;;;;;;;;;;;;;;
Age and Gender;9 - 35 to 39;Hip Replacement;EQ VAS;;;;;;;;;;;;;;;;;;;;;;
Age and Gender;9 - 35 to 39;Hip Replacement;EQ-5D Index;;;;;;;;;;;;;;;;;;;;;;
Age and Gender;9 - 35 to 39;Hip Replacement;Oxford Hip Score;;;;;;;;;;;;;;;;;;;;;;
Age and Gender;9 - 35 to 39;Knee Replacement;EQ VAS;;;;;;;;;;;;;;;;;;;;;;
Age and Gender;9 - 35 to 39;Knee Replacement;EQ-5D Index;;;;;;;;;;;;;;;;;;;;;;
Age and Gender;9 - 35 to 39;Knee Replacement;Oxford Knee Score;;;;;;;;;;;;;;;;;;;;;;
Age and Gender;9 - 40 to 44;Hip Replacement;EQ VAS;;;;;;;;;;;;;;;;;;;;;;
Age and Gender;9 - 40 to 44;Hip Replacement;EQ-5D Index;;;;;;;;;;;;;;;;;;;;;;
Age and Gender;9 - 40 to 44;Hip Replacement;Oxford Hip Score;;;;;;;;;;;;;;;;;;;;;;
Age and Gender;9 - 40 to 44;Knee Replacement;EQ VAS;;;;;;;;;;;;;;;;;;;;;;
Age and Gender;9 - 40 to 44;Knee Replacement;EQ-5D Index;;;;;;;;;;;;;;;;;;;;;;
Age and Gender;9 - 40 to 44;Knee Replacement;Oxford Knee Score;;;;;;;;;;;;;;;;;;;;;;
Age and Gender;9 - 45 to 49;Hip Replacement;EQ VAS;;;;;;;;;;;;;;;;;;;;;;
Age and Gender;9 - 45 to 49;Hip Replacement;EQ-5D Index;;;;;;;;;;;;;;;;;;;;;;
Age and Gender;9 - 45 to 49;Hip Replacement;Oxford Hip Score;;;;;;;;;;;;;;;;;;;;;;
Age and Gender;9 - 45 to 49;Knee Replacement;EQ VAS;;;;;;;;;;;;;;;;;;;;;;
Age and Gender;9 - 45 to 49;Knee Replacement;EQ-5D Index;;;;;;;;;;;;;;;;;;;;;;
Age and Gender;9 - 45 to 49;Knee Replacement;Oxford Knee Score;;;;;;;;;;;;;;;;;;;;;;
Age and Gender;9 - 50 to 54;Hip Replacement;EQ VAS;;;;;;;;;;;;;;;;;;;;;;
Age and Gender;9 - 50 to 54;Hip Replacement;EQ-5D Index;;;;;;;;;;;;;;;;;;;;;;
Age and Gender;9 - 50 to 54;Hip Replacement;Oxford Hip Score;;;;;;;;;;;;;;;;;;;;;;
Age and Gender;9 - 50 to 54;Knee Replacement;EQ VAS;;;;;;;;;;;;;;;;;;;;;;
Age and Gender;9 - 50 to 54;Knee Replacement;EQ-5D Index;;;;;;;;;;;;;;;;;;;;;;
Age and Gender;9 - 50 to 54;Knee Replacement;Oxford Knee Score;;;;;;;;;;;;;;;;;;;;;;
Age and Gender;9 - 55 to 59;Hip Replacement;EQ VAS;;;;;;;;;;;;;;;;;;;;;;
Age and Gender;9 - 55 to 59;Hip Replacement;EQ-5D Index;;;;;;;;;;;;;;;;;;;;;;
Age and Gender;9 - 55 to 59;Hip Replacement;Oxford Hip Score;;;;;;;;;;;;;;;;;;;;;;
Age and Gender;9 - 55 to 59;Knee Replacement;EQ VAS;90;90;90;90;90;90;100;100;100;100;100;100;10;10;10;10;10;10;1;0;0;1
Age and Gender;9 - 55 to 59;Knee Replacement;EQ-5D Index;0.727;0.727;0.727;0.727;0.727;0.727;1;1;1;1;1;1;0.273;0.273;0.273;0.273;0.273;0.273;1;0;0;1
Age and Gender;9 - 55 to 59;Knee Replacement;Oxford Knee Score;30;30;30;30;30;30;43;43;43;43;43;43;13;13;13;13;13;13;1;0;0;1
Age and Gender;9 - 60 to 64;Hip Replacement;EQ VAS;20;20;20;20;20;20;89;89;89;89;89;89;69;69;69;69;69;69;1;0;0;1
Age and Gender;9 - 60 to 64;Hip Replacement;EQ-5D Index;0.587;0.587;0.587;0.587;0.587;0.587;1;1;1;1;1;1;0.413;0.413;0.413;0.413;0.413;0.413;1;0;0;1
Age and Gender;9 - 60 to 64;Hip Replacement;Oxford Hip Score;21;21;21;21;21;21;48;48;48;48;48;48;27;27;27;27;27;27;1;0;0;1
Age and Gender;9 - 60 to 64;Knee Replacement;EQ VAS;;;;;;;;;;;;;;;;;;;;;;
Age and Gender;9 - 60 to 64;Knee Replacement;EQ-5D Index;;;;;;;;;;;;;;;;;;;;;;
Age and Gender;9 - 60 to 64;Knee Replacement;Oxford Knee Score;;;;;;;;;;;;;;;;;;;;;;
Age and Gender;9 - 65 to 69;Hip Replacement;EQ VAS;75;75;75;75;75;75;90;90;90;90;90;90;15;15;15;15;15;15;1;0;0;1
Age and Gender;9 - 65 to 69;Hip Replacement;EQ-5D Index;0.587;0.587;0.587;0.587;0.587;0.587;1;1;1;1;1;1;0.413;0.413;0.413;0.413;0.413;0.413;1;0;0;1
Age and Gender;9 - 65 to 69;Hip Replacement;Oxford Hip Score;11;11;11;11;11;11;43;43;43;43;43;43;32;32;32;32;32;32;1;0;0;1
Age and Gender;9 - 65 to 69;Knee Replacement;EQ VAS;;;;;;;;;;;;;;;;;;;;;;
Age and Gender;9 - 65 to 69;Knee Replacement;EQ-5D Index;;;;;;;;;;;;;;;;;;;;;;
Age and Gender;9 - 65 to 69;Knee Replacement;Oxford Knee Score;;;;;;;;;;;;;;;;;;;;;;
Age and Gender;9 - 70 to 74;Hip Replacement;EQ VAS;;;;;;;;;;;;;;;;;;;;;;
Age and Gender;9 - 70 to 74;Hip Replacement;EQ-5D Index;;;;;;;;;;;;;;;;;;;;;;
Age and Gender;9 - 70 to 74;Hip Replacement;Oxford Hip Score;23;23;23;23;23;23;36;36;36;36;36;36;13;13;13;13;13;13;1;0;0;1
Age and Gender;9 - 70 to 74;Knee Replacement;EQ VAS;85;85;85;85;85;85;85;85;85;85;85;85;0;0;0;0;0;0;0;1;0;1
Age and Gender;9 - 70 to 74;Knee Replacement;EQ-5D Index;0.727;0.727;0.727;0.727;0.727;0.727;0.796;0.796;0.796;0.796;0.796;0.796;0.069;0.069;0.069;0.069;0.069;0.069;1;0;0;1
Age and Gender;9 - 70 to 74;Knee Replacement;Oxford Knee Score;28;28;28;28;28;28;41;41;41;41;41;41;13;13;13;13;13;13;1;0;0;1
Age and Gender;9 - 75 to 79;Hip Replacement;EQ VAS;;;;;;;;;;;;;;;;;;;;;;
Age and Gender;9 - 75 to 79;Hip Replacement;EQ-5D Index;;;;;;;;;;;;;;;;;;;;;;
Age and Gender;9 - 75 to 79;Hip Replacement;Oxford Hip Score;;;;;;;;;;;;;;;;;;;;;;
Age and Gender;9 - 75 to 79;Knee Replacement;EQ VAS;82.5;71.25;76.25;82.5;88.75;93.75;82.5;71.25;76.25;82.5;88.75;93.75;0;0;0;0;0;0;0;2;0;2
Age and Gender;9 - 75 to 79;Knee Replacement;EQ-5D Index;0.478;0.191;0.318;0.478;0.637;0.764;0.76;0.76;0.76;0.76;0.76;0.76;0.283;-0.004;0.123;0.283;0.442;0.569;1;0;1;2
Age and Gender;9 - 75 to 79;Knee Replacement;Oxford Knee Score;21.5;10.25;15.25;21.5;27.75;32.75;30.5;29.15;29.75;30.5;31.25;31.85;9;-0.9;3.5;9;14.5;18.9;1;0;1;2
Age and Gender;9 - 80 to 84;Hip Replacement;EQ VAS;;;;;;;;;;;;;;;;;;;;;;
Age and Gender;9 - 80 to 84;Hip Replacement;EQ-5D Index;;;;;;;;;;;;;;;;;;;;;;
Age and Gender;9 - 80 to 84;Hip Replacement;Oxford Hip Score;;;;;;;;;;;;;;;;;;;;;;
Age and Gender;9 - 80 to 84;Knee Replacement;EQ VAS;;;;;;;;;;;;;;;;;;;;;;
Age and Gender;9 - 80 to 84;Knee Replacement;EQ-5D Index;;;;;;;;;;;;;;;;;;;;;;
Age and Gender;9 - 80 to 84;Knee Replacement;Oxford Knee Score;;;;;;;;;;;;;;;;;;;;;;
Age and Gender;9 - 85 to 89;Hip Replacement;EQ VAS;;;;;;;;;;;;;;;;;;;;;;
Age and Gender;9 - 85 to 89;Hip Replacement;EQ-5D Index;;;;;;;;;;;;;;;;;;;;;;
Age and Gender;9 - 85 to 89;Hip Replacement;Oxford Hip Score;;;;;;;;;;;;;;;;;;;;;;
Age and Gender;9 - 85 to 89;Knee Replacement;EQ VAS;;;;;;;;;;;;;;;;;;;;;;
Age and Gender;9 - 85 to 89;Knee Replacement;EQ-5D Index;;;;;;;;;;;;;;;;;;;;;;
Age and Gender;9 - 85 to 89;Knee Replacement;Oxford Knee Score;;;;;;;;;;;;;;;;;;;;;;
Age and Gender;9 - 90 to 120;Hip Replacement;EQ VAS;;;;;;;;;;;;;;;;;;;;;;
Age and Gender;9 - 90 to 120;Hip Replacement;EQ-5D Index;;;;;;;;;;;;;;;;;;;;;;
Age and Gender;9 - 90 to 120;Hip Replacement;Oxford Hip Score;;;;;;;;;;;;;;;;;;;;;;
Age and Gender;9 - 90 to 120;Knee Replacement;EQ VAS;;;;;;;;;;;;;;;;;;;;;;
Age and Gender;9 - 90 to 120;Knee Replacement;EQ-5D Index;;;;;;;;;;;;;;;;;;;;;;
Age and Gender;9 - 90 to 120;Knee Replacement;Oxford Knee Score;;;;;;;;;;;;;;;;;;;;;;
Disability;1;Hip Replacement;EQ VAS;58.346;20;40;60;79;90;72.711;35;60;78;90;98;14.366;-25;0;10;30;60;13192;1822;4546;19560
Disability;1;Hip Replacement;EQ-5D Index;0.252;-0.181;-0.016;0.157;0.587;0.691;0.732;0.082;0.62;0.76;1;1;0.48;-0.058;0.204;0.49;0.765;1.016;18041;1159;1183;20383
Disability;1;Hip Replacement;Oxford Hip Score;15.19;4;9;14;20;29;37.426;18;32;40;45;48;22.236;3;16;23;30;38;21401;127;588;22116
Disability;1;Knee Replacement;EQ VAS;62.154;25;50;65;80;90;69.356;30;60;75;85;95;7.202;-30;-5;5;20;50;11837;2317;6387;20541
Disability;1;Knee Replacement;EQ-5D Index;0.316;-0.077;0.055;0.186;0.62;0.691;0.671;0.024;0.587;0.691;0.848;1;0.355;-0.104;0.071;0.309;0.636;0.912;17219;2133;2117;21469
Disability;1;Knee Replacement;Oxford Knee Score;16.315;6;11;16;21;29;33.27;13;27;35;42;47;16.956;-1;10;17;24;33;21917;253;1193;23363
Disability;2;Hip Replacement;EQ VAS;70.332;30;60;75;85;95;82.387;50;75;85;90;100;12.055;-18;0;10;21;50.65;11358;1868;3582;16808
Disability;2;Hip Replacement;EQ-5D Index;0.471;-0.016;0.159;0.587;0.691;0.796;0.865;0.587;0.76;1;1;1;0.394;0;0.192;0.309;0.636;0.945;15630;909;826;17365
Disability;2;Hip Replacement;Oxford Hip Score;21.232;9;15;21;27;35;41.935;27;39;44;47;48;20.702;3;15;21;28;36;17943;99;471;18513
Disability;2;Knee Replacement;EQ VAS;73.107;40;64;79;87;95;79.745;50;75;80;90;98;6.638;-20;-4;5;15;41;11119;2854;5390;19363
Disability;2;Knee Replacement;EQ-5D Index;0.521;0.03;0.189;0.691;0.691;0.796;0.81;0.516;0.691;0.796;1;1;0.289;-0.071;0.069;0.273;0.484;0.841;16582;1889;1672;20143
Disability;2;Knee Replacement;Oxford Knee Score;22.045;10;17;22;27;34;38.049;22;34;40;44;47;16.004;-1;10;17;23;31;20195;208;1120;21523
Disability;9;Hip Replacement;EQ VAS;67.156;28.9;50;70;80;95;79.108;50;70;80;90;100;11.952;-20;0;10;25;54;1406;276;457;2139
Disability;9;Hip Replacement;EQ-5D Index;0.393;-0.074;0.055;0.516;0.691;0.76;0.816;0.516;0.691;0.848;1;1;0.423;-0.036;0.176;0.38;0.705;0.999;2096;128;138;2362
Disability;9;Hip Replacement;Oxford Hip Score;19.431;6;13;19;25;34;40.208;22;37;43;47;48;20.778;2;14;21;28;36;2514;17;91;2622
Disability;9;Knee Replacement;EQ VAS;68.449;30;55;70;85;95;74.234;40;65;80;90;95.4;5.785;-30;-5;5;20;40;880;177;496;1553
Disability;9;Knee Replacement;EQ-5D Index;0.407;-0.074;0.101;0.587;0.691;0.76;0.73;0.088;0.621;0.76;1;1;0.324;-0.104;0.069;0.309;0.59;0.899;1459;187;165;1811
Disability;9;Knee Replacement;Oxford Knee Score;18.807;7;13;19;24;32;34.986;16;29;37;43;47;16.18;-1;9;17;23;32;1903;25;114;2042
Ethnicity;99;Hip Replacement;EQ VAS;66.607;25;50;70;80;95;80.487;50;75;85;90;100;13.88;-20;0;10;25;54;1012;147;267;1426
Ethnicity;99;Hip Replacement;EQ-5D Index;0.397;-0.074;0.055;0.587;0.691;0.76;0.835;0.516;0.725;0.883;1;1;0.438;0;0.204;0.38;0.708;1.016;1338;70;63;1471
Ethnicity;99;Hip Replacement;Oxford Hip Score;19.393;6;13;19;25;35;41.402;26;38;44;47;48;22.009;6;15;23;29;37;1553;9;29;1591
Ethnicity;99;Knee Replacement;EQ VAS;70.959;30;60;75;85;95;77.77;45;70;80;90;98;6.811;-25;-3;5;19;40;692;203;330;1225
Ethnicity;99;Knee Replacement;EQ-5D Index;0.443;-0.074;0.159;0.62;0.691;0.776;0.771;0.189;0.691;0.796;1;1;0.327;-0.054;0.071;0.309;0.59;0.876;1090;127;87;1304
Ethnicity;99;Knee Replacement;Oxford Knee Score;19.962;8;14;20;25;33;36.902;20;32;39;44;47;16.94;1;11;17;24;32;1325;13;54;1392
Ethnicity;A;Hip Replacement;EQ VAS;63.854;20;50;70;80;95;76.867;40;70;80;90;100;13.013;-20;0;10;25;56;21198;3281;7188;31667
Ethnicity;A;Hip Replacement;EQ-5D Index;0.351;-0.074;0.055;0.516;0.656;0.76;0.79;0.189;0.691;0.814;1;1;0.438;-0.036;0.192;0.413;0.708;1.003;29274;1837;1824;32935
Ethnicity;A;Hip Replacement;Oxford Hip Score;17.91;5;12;17;23;33;39.327;21;35;42;46;48;21.417;3;15;22;29;37;34336;194;979;35509
Ethnicity;A;Knee Replacement;EQ VAS;67.534;30;50;70;80;95;74.321;40;65;80;90;96;6.787;-30;-5;5;20;45;19329;4320;10060;33709
Ethnicity;A;Knee Replacement;EQ-5D Index;0.415;-0.074;0.101;0.587;0.691;0.76;0.738;0.088;0.689;0.76;1;1;0.322;-0.104;0.069;0.309;0.601;0.87;28513;3459;3208;35180
Ethnicity;A;Knee Replacement;Oxford Knee Score;19.046;7;13;19;24;32;35.603;16;30;38;43;47;16.557;-1;10;17;24;32;35635;381;1951;37967
Ethnicity;B;Hip Replacement;EQ VAS;60.781;19.45;45;65;80;90;74.293;35;65.5;80;90;98;13.511;-25;-5;10;30;60;174;24;72;270
Ethnicity;B;Hip Replacement;EQ-5D Index;0.282;-0.181;-0.016;0.159;0.62;0.727;0.742;0.002;0.62;0.796;1;1;0.46;-0.093;0.204;0.415;0.736;1.07;251;17;21;289
Ethnicity;B;Hip Replacement;Oxford Hip Score;16.343;5;10;16;21;30;37.088;16.7;32;39;45;48;20.745;1;14;21;28;37;304;3;11;318
Ethnicity;B;Knee Replacement;EQ VAS;68.85;40;53;70;85;95;71.391;30;60;75;85;95;2.541;-38.8;-10;0;17;35;99;31;77;207
Ethnicity;B;Knee Replacement;EQ-5D Index;0.36;-0.074;0.088;0.364;0.691;0.727;0.707;0.092;0.62;0.76;0.883;1;0.346;-0.149;0.105;0.309;0.635;0.841;183;16;24;223
Ethnicity;B;Knee Replacement;Oxford Knee Score;18.239;7;12;18;23;33;34.139;16;28;36;42;47;15.9;-3.5;10;16;23.5;33;231;2;18;251
Ethnicity;C;Hip Replacement;EQ VAS;61.806;20;50;70;80;95;76.144;40;70;80;90;100;14.338;-25;0;10;30;60;438;56;154;648
Ethnicity;C;Hip Replacement;EQ-5D Index;0.33;-0.181;-0.003;0.516;0.62;0.76;0.78;0.177;0.691;0.814;1;1;0.45;-0.014;0.204;0.413;0.74;1.003;604;35;34;673
Ethnicity;C;Hip Replacement;Oxford Hip Score;18.056;5;11;18;24;34;38.915;19;34;42;46;48;20.859;3;15;21;28;37;704;3;23;730
Ethnicity;C;Knee Replacement;EQ VAS;65.926;25;50;70;80;93.45;72.259;30;60.75;78;85;95;6.334;-30;-5;5;20;45;348;95;189;632
Ethnicity;C;Knee Replacement;EQ-5D Index;0.414;-0.074;0.088;0.587;0.691;0.76;0.71;0.088;0.62;0.727;0.85;1;0.297;-0.154;0.036;0.261;0.59;0.865;504;71;74;649
Ethnicity;C;Knee Replacement;Oxford Knee Score;19.256;7;13;19;25;33;34.876;14;29;37;43;47;15.62;-2;9;16;23;31;664;13;47;724
Ethnicity;D;Hip Replacement;EQ VAS;64;34.75;45;68;75;95;78.929;39.5;70;90;93.75;100;14.929;-19;2.5;15;27.5;53.5;10;1;3;14
Ethnicity;D;Hip Replacement;EQ-5D Index;0.389;-0.016;0.055;0.425;0.699;0.76;0.768;0.48;0.692;0.796;0.883;1;0.38;-0.026;0.114;0.274;0.642;0.857;13;2;1;16
Ethnicity;D;Hip Replacement;Oxford Hip Score;17.167;7;10.25;13;25;30.3;36.833;20.7;32;38;43;47.15;19.667;9.15;15.25;18.5;28.75;32;17;0;1;18
Ethnicity;D;Knee Replacement;EQ VAS;66.083;27.75;40;77.5;91.25;98.9;77.583;50;67.5;82.5;91.25;97.8;11.5;-12.25;-1.25;3.5;26.25;46.75;8;1;3;12
Ethnicity;D;Knee Replacement;EQ-5D Index;0.436;-0.074;0.167;0.603;0.682;0.704;0.636;0.132;0.534;0.674;0.923;1;0.2;-0.059;0;0.184;0.335;0.574;9;3;2;14
Ethnicity;D;Knee Replacement;Oxford Knee Score;16.438;4.75;9.75;16.5;19.75;32;33.125;17.25;26;32.5;44.25;46.25;16.688;2.5;12.5;14.5;20.75;33.25;16;0;0;16
Ethnicity;E;Hip Replacement;EQ VAS;69.2;36.75;66.25;77.5;80;83.65;80.6;65.6;76;80;88.75;92.75;11.4;-5;-1.75;5;16.5;44.25;5;1;4;10
Ethnicity;E;Hip Replacement;EQ-5D Index;0.424;-0.011;0.229;0.62;0.689;0.691;0.846;0.648;0.691;0.814;1;1;0.422;0.085;0.309;0.38;0.398;0.934;9;0;0;9
Ethnicity;E;Hip Replacement;Oxford Hip Score;19.182;9.5;15.5;20;23.5;28;42.273;38;39;41;45.5;47.5;23.091;13;20;22;25.5;35;11;0;0;11
Ethnicity;E;Knee Replacement;EQ VAS;57.727;35;40;50;77.5;85;64.545;25;55;75;80;87.5;6.818;-35;0;10;17.5;40;7;2;2;11
Ethnicity;E;Knee Replacement;EQ-5D Index;0.176;-0.216;-0.016;0.03;0.552;0.691;0.675;0.516;0.516;0.727;0.76;0.918;0.499;0.049;0.244;0.532;0.697;0.869;9;0;0;9
Ethnicity;E;Knee Replacement;Oxford Knee Score;10.4;4;7;9;15;18.1;25;7.25;15;23;35.75;43.1;14.6;-3.65;10;14.5;21;30.7;8;0;2;10
Ethnicity;F;Hip Replacement;EQ VAS;59.368;24.5;35;65;79;90;66.263;29;50;70;87;90;6.895;-50;-12.5;5;27.5;51.4;11;1;7;19
Ethnicity;F;Hip Replacement;EQ-5D Index;0.365;-0.074;-0.016;0.587;0.62;0.691;0.644;-0.016;0.516;0.62;1;1;0.28;0;0.134;0.309;0.532;0.661;18;2;1;21
Ethnicity;F;Hip Replacement;Oxford Hip Score;16.476;4;8;18;23;28;33.81;15;25;35;43;48;17.333;2;14;21;25;28;20;0;1;21
Ethnicity;F;Knee Replacement;EQ VAS;70.522;31.5;52.5;75;90;99.5;71.435;36.5;50;75;90;99.5;0.913;-48;-10;0;20;32.7;11;3;9;23
Ethnicity;F;Knee Replacement;EQ-5D Index;0.339;-0.016;0.026;0.195;0.656;0.691;0.673;0.005;0.586;0.76;0.805;1;0.334;-0.07;0.054;0.309;0.654;0.84;18;1;4;23
Ethnicity;F;Knee Replacement;Oxford Knee Score;15.692;6.5;11;14;18.75;30.75;30.115;13.75;22.25;28.5;39.5;46.75;14.423;-1.5;8;13;23;27;23;1;2;26
Ethnicity;G;Hip Replacement;EQ VAS;57;19.5;46.25;57.5;74.75;90.3;79.25;49.5;70;80;91.75;100;22.25;-7.45;10;22.5;31.25;61;18;0;2;20
Ethnicity;G;Hip Replacement;EQ-5D Index;0.259;-0.181;-0.016;0.088;0.691;0.796;0.826;0.537;0.709;0.85;1;1;0.566;0.095;0.291;0.532;0.881;1.022;18;1;0;19
Ethnicity;G;Hip Replacement;Oxford Hip Score;17.238;8;11;14;21;33;40.476;22;40;43;45;47;23.238;9;12;24;30;38;21;0;0;21
Ethnicity;G;Knee Replacement;EQ VAS;59.676;20;50;65;77.5;90;68.735;29.75;60;72.5;81.5;95;9.059;-21.75;-5;5;20;51.75;20;4;10;34
Ethnicity;G;Knee Replacement;EQ-5D Index;0.304;-0.198;0.055;0.264;0.603;0.695;0.628;-0.101;0.62;0.725;0.796;1;0.323;-0.157;0.07;0.273;0.627;0.849;31;3;5;39
Ethnicity;G;Knee Replacement;Oxford Knee Score;16.025;7.8;10.75;15.5;19.25;31.1;31.075;8.7;25;34;40;44.2;15.05;-0.05;7.75;15;22.25;28;36;2;2;40
Ethnicity;H;Hip Replacement;EQ VAS;52.643;13.75;30;50;75;90;67.518;34.5;55;70;80;90;14.875;-18.5;-5;6;30;61.25;32;8;16;56
Ethnicity;H;Hip Replacement;EQ-5D Index;0.159;-0.19;-0.074;-0.016;0.516;0.691;0.618;-0.022;0.587;0.623;0.805;1;0.459;-0.165;0.084;0.532;0.8;1.021;48;6;5;59
Ethnicity;H;Hip Replacement;Oxford Hip Score;13.048;3.1;8;11;16;29;30.349;12.1;20;31;41.5;47;17.302;-1;7.5;19;26.5;35.7;57;1;5;63
Ethnicity;H;Knee Replacement;EQ VAS;57.392;20;43;59;75;90;65.919;30;50;70;80;95;8.527;-30;-5;10;25;45;342;62;173;577
Ethnicity;H;Knee Replacement;EQ-5D Index;0.311;-0.239;-0.016;0.279;0.656;0.727;0.639;-0.016;0.587;0.691;0.796;1;0.328;-0.208;0.069;0.304;0.636;0.945;514;50;86;650
Ethnicity;H;Knee Replacement;Oxford Knee Score;16.059;5;10;15;21;32;29.754;11.65;23;31;37;45;13.695;-4;7;14;21.75;31;640;10;64;714
Ethnicity;J;Hip Replacement;EQ VAS;53.5;9.5;42.5;55;72.5;80;61.45;19.75;38.75;70;80;85.25;7.95;-40.5;-16.25;2.5;32.5;70.25;10;3;7;20
Ethnicity;J;Hip Replacement;EQ-5D Index;0.152;-0.236;-0.074;-0.016;0.569;0.691;0.447;-0.184;0.065;0.62;0.723;0.814;0.295;-0.22;0.105;0.214;0.655;0.818;17;2;3;22
Ethnicity;J;Hip Replacement;Oxford Hip Score;13.625;5;6.75;12;15.5;30.55;28.042;10.9;17;31.5;35.25;42.85;14.417;0.3;4.75;13.5;23.25;28.85;22;1;1;24
Ethnicity;J;Knee Replacement;EQ VAS;52.59;11.25;38.5;50;70;90;58.627;20;45.5;60;75;90;6.036;-33.75;-5;5;20;50;91;21;54;166
Ethnicity;J;Knee Replacement;EQ-5D Index;0.154;-0.429;-0.016;0.055;0.516;0.691;0.569;-0.074;0.516;0.62;0.76;1;0.415;-0.165;0.104;0.478;0.661;1.041;149;16;22;187
Ethnicity;J;Knee Replacement;Oxford Knee Score;13.194;4;8;12;18;27;27.951;8;20;28;37;45;14.757;-3.75;7;15;22.75;33;178;6;22;206
Ethnicity;K;Hip Replacement;EQ VAS;72;56;60;70;85;89;88.4;77.6;88;90;94;94.8;16.4;4.2;5;10;30;32.4;5;0;0;5
Ethnicity;K;Hip Replacement;EQ-5D Index;0.449;0.025;0.189;0.691;0.691;0.691;0.938;0.753;1;1;1;1;0.489;0.309;0.309;0.309;0.707;0.79;5;0;0;5
Ethnicity;K;Hip Replacement;Oxford Hip Score;20.4;11.6;18;22;22;28.4;44.4;38.6;45;46;46;47.6;24;16.8;24;26;27;27.8;5;0;0;5
Ethnicity;K;Knee Replacement;EQ VAS;61.4;30;50;53;75;96.5;66.333;40;50;65;77.5;95;4.933;-21.5;-7.5;5;15;34.5;9;0;6;15
Ethnicity;K;Knee Replacement;EQ-5D Index;0.292;-0.181;-0.016;0.159;0.62;0.694;0.48;-0.031;0.085;0.62;0.735;1;0.188;-0.535;0;0.105;0.532;0.853;12;4;3;19
Ethnicity;K;Knee Replacement;Oxford Knee Score;15;5;9.75;15;17.75;28.25;27.45;12.75;17.75;31.5;35.25;41.2;12.45;-1;4;12;19.25;28.35;18;0;2;20
Ethnicity;L;Hip Replacement;EQ VAS;48;10;25;50;75;85;72.238;20;55;80;90;100;24.238;-30;0;18;60;70;14;3;4;21
Ethnicity;L;Hip Replacement;EQ-5D Index;0.209;-0.181;-0.016;0.088;0.587;0.691;0.597;-0.239;0.587;0.727;1;1;0.388;-0.058;0.069;0.355;0.672;0.945;16;3;2;21
Ethnicity;L;Hip Replacement;Oxford Hip Score;14.636;5.05;9.25;15;20;24.85;32.455;9.05;26.25;32;43.75;47.95;17.818;3.1;12.25;18;25.25;32.9;21;0;1;22
Ethnicity;L;Knee Replacement;EQ VAS;58.652;29.55;40;60;79.75;90;69.785;40;59.25;70;84.5;95;11.133;-25.15;-5;10;30;55;92;21;45;158
Ethnicity;L;Knee Replacement;EQ-5D Index;0.32;-0.127;-0.008;0.228;0.62;0.748;0.671;0.08;0.62;0.691;0.796;1;0.351;-0.092;0.104;0.303;0.636;0.854;142;13;13;168
Ethnicity;L;Knee Replacement;Oxford Knee Score;16.086;5.25;10;15;21;32;30.645;12;24;32;37;45;14.559;-2.75;7.5;16;21;31.75;171;3;12;186
Ethnicity;M;Hip Replacement;EQ VAS;57.311;20;40;60;75;90;70.156;32.25;50;75;90;99.1;12.844;-20;-4.25;10;30;57.75;57;6;27;90
Ethnicity;M;Hip Replacement;EQ-5D Index;0.184;-0.182;-0.016;0.055;0.516;0.705;0.667;-0.016;0.587;0.691;0.85;1;0.482;-0.033;0.205;0.565;0.697;0.945;84;4;5;93
Ethnicity;M;Hip Replacement;Oxford Hip Score;14.299;5;10;13;19;25.7;33.748;11.9;26;38;43;47;19.449;-0.7;13;20;28;36.4;100;1;6;107
Ethnicity;M;Knee Replacement;EQ VAS;61.882;20;50;60;80;95;70.021;40;58.75;70;85;95;8.139;-25;-5;5;20;45;85;16;43;144
Ethnicity;M;Knee Replacement;EQ-5D Index;0.322;-0.181;-0.016;0.194;0.691;0.727;0.617;-0.006;0.587;0.691;0.76;1;0.294;-0.323;0;0.204;0.603;0.811;113;19;24;156
Ethnicity;M;Knee Replacement;Oxford Knee Score;15.148;4;9;15;20;30;29.617;10.1;23.5;31;37;45.9;14.47;-1.9;7;15;22;30;165;2;16;183
Ethnicity;N;Hip Replacement;EQ VAS;51.5;9;28.75;52.5;76.25;92.25;72.222;37.5;55;80;90;100;20.722;-15.5;0;12.5;40;67.25;26;3;7;36
Ethnicity;N;Hip Replacement;EQ-5D Index;0.252;-0.187;0.007;0.159;0.587;0.691;0.709;0.072;0.587;0.76;1;1;0.457;-0.104;0.309;0.428;0.741;0.949;34;1;4;39
Ethnicity;N;Hip Replacement;Oxford Hip Score;14.875;4;9.5;15;19.25;28;35.75;19.95;24.75;37;46.25;48;20.875;-1;15.5;22.5;29;37.1;37;0;3;40
Ethnicity;N;Knee Replacement;EQ VAS;58.347;15;50;60;75;90;67.812;30;60;70;85;95;9.465;-35;-10;10;21;60;63;9;29;101
Ethnicity;N;Knee Replacement;EQ-5D Index;0.214;-0.181;-0.016;0.09;0.534;0.691;0.585;-0.087;0.516;0.691;0.735;1;0.371;-0.104;0.028;0.462;0.637;0.841;91;14;15;120
Ethnicity;N;Knee Replacement;Oxford Knee Score;13.792;4;9;12;17;28.1;27.054;9;21;28;34.75;41.55;13.262;-3;5;13;19.75;29.55;118;3;9;130
Ethnicity;P;Hip Replacement;EQ VAS;52.556;13;37.5;60;70;83.5;69.444;16.5;65;75;85;98.5;16.889;0;2.5;10;25;55;20;6;1;27
Ethnicity;P;Hip Replacement;EQ-5D Index;0.317;-0.311;-0.016;0.516;0.613;0.714;0.642;-0.007;0.516;0.691;1;1;0.326;-0.295;0.026;0.292;0.541;0.903;22;3;3;28
Ethnicity;P;Hip Replacement;Oxford Hip Score;15.556;5;8;15;23.5;29.5;35.593;9.6;29;39;44.5;48;20.037;1.3;17.5;22;24;34.5;26;1;0;27
Ethnicity;P;Knee Replacement;EQ VAS;67.469;32;50;70;80;96.8;71.633;30;50;80;90;98.8;4.163;-43;-5;5;20;48.4;27;8;14;49
Ethnicity;P;Knee Replacement;EQ-5D Index;0.277;-0.239;-0.016;0.159;0.682;0.737;0.638;0.023;0.534;0.691;0.796;1;0.361;-0.083;0.1;0.362;0.599;0.845;48;6;4;58
Ethnicity;P;Knee Replacement;Oxford Knee Score;17.033;5;10;16.5;22;34;31.367;12.95;21.5;35;40;46;14.333;-3.1;6;15.5;22.5;30.05;52;2;6;60
Ethnicity;R;Hip Replacement;EQ VAS;69.438;40;60;77.5;80;91.25;78;60;73.75;80;86.25;95.75;8.563;-16.25;0;5;11;47.5;10;4;2;16
Ethnicity;R;Hip Replacement;EQ-5D Index;0.296;-0.074;-0.003;0.189;0.587;0.691;0.7;0.417;0.552;0.691;0.898;1;0.404;-0.021;0.123;0.309;0.684;0.962;12;2;1;15
Ethnicity;R;Hip Replacement;Oxford Hip Score;15.813;6;10;16.5;20.25;25.5;35.938;21.5;27;37.5;45;46.5;20.125;4.75;14;21;25.25;34.5;15;0;1;16
Ethnicity;R;Knee Replacement;EQ VAS;63.844;25;50;70;80;90;69.781;30;57.5;80;81.25;90;5.938;-21.75;-5.25;5;15;42.25;17;5;10;32
Ethnicity;R;Knee Replacement;EQ-5D Index;0.388;-0.181;-0.016;0.62;0.691;0.753;0.77;0.231;0.691;0.796;1;1;0.382;-0.134;0.141;0.309;0.719;0.984;29;1;5;35
Ethnicity;R;Knee Replacement;Oxford Knee Score;19.361;4.75;13;19.5;26.25;35;34.972;19.75;27;37;41;48;15.611;2.25;9;14;23;33;34;1;1;36
Ethnicity;S;Hip Replacement;EQ VAS;65.479;23.75;50;70;80;90;77.24;40;70;80;90;98.25;11.76;-25;0;10;20;52.5;60;17;19;96
Ethnicity;S;Hip Replacement;EQ-5D Index;0.379;-0.181;0.055;0.516;0.64;0.76;0.762;0.077;0.691;0.814;1;1;0.383;-0.051;0.141;0.367;0.636;0.952;87;6;6;99
Ethnicity;S;Hip Replacement;Oxford Hip Score;17.697;4;12;16;24;31.6;37.523;14.8;33;42;45;48;19.826;-1.8;13;21;29;34.6;102;1;6;109
Ethnicity;S;Knee Replacement;EQ VAS;62.853;30;50;65;80;95;68.643;28.8;52;75;85;95;5.791;-37.4;-5;5;20;40;79;11;39;129
Ethnicity;S;Knee Replacement;EQ-5D Index;0.32;-0.184;-0.003;0.328;0.629;0.728;0.641;-0.016;0.587;0.691;0.796;1;0.321;-0.141;0.104;0.309;0.615;0.826;114;9;17;140
Ethnicity;S;Knee Replacement;Oxford Knee Score;15.854;4.85;10;15;21;29.45;30.386;11;22.25;31.5;40;45;14.532;-2.15;7;14;21;32.3;145;1;12;158
Ethnicity;Z;Hip Replacement;EQ VAS;66.024;25;50;70;80;95;80.349;50;74;85;90;100;14.325;-20;0;10;26;55;2856;405;805;4066
Ethnicity;Z;Hip Replacement;EQ-5D Index;0.386;-0.074;0.055;0.516;0.691;0.76;0.834;0.516;0.71;0.883;1;1;0.448;0;0.209;0.413;0.713;1.003;3917;205;174;4296
Ethnicity;Z;Hip Replacement;Oxford Hip Score;18.886;6;13;18;25;33;41.152;24;38;44;47;48;22.266;5;16;23;29;37;4507;29;83;4619
Ethnicity;Z;Knee Replacement;EQ VAS;69.419;30;60;75;85;95;77.034;43.8;70;80;90;97;7.615;-25;-5;5;20;46;2517;536;1180;4233
Ethnicity;Z;Knee Replacement;EQ-5D Index;0.453;-0.016;0.159;0.62;0.691;0.76;0.778;0.26;0.691;0.796;1;1;0.325;-0.071;0.071;0.309;0.59;0.866;3691;397;361;4449
Ethnicity;Z;Knee Replacement;Oxford Knee Score;20.157;8;15;20;25;33;36.975;19;32;39;44;47;16.817;0;11;17;24;32;4556;46;207;4809
Gender;0;Hip Replacement;EQ VAS;;;;;;;;;;;;;;;;;;;;;;
Gender;0;Hip Replacement;EQ-5D Index;;;;;;;;;;;;;;;;;;;;;;
Gender;0;Hip Replacement;Oxford Hip Score;;;;;;;;;;;;;;;;;;;;;;
Gender;0;Knee Replacement;EQ VAS;71;53.9;61.5;71;80.5;88.1;90;81;85;90;95;99;19;10.9;14.5;19;23.5;27.1;2;0;0;2
Gender;0;Knee Replacement;EQ-5D Index;0.702;0.627;0.656;0.691;0.743;0.786;0.846;0.705;0.77;0.85;0.925;0.985;0.144;0.078;0.114;0.159;0.182;0.2;3;0;0;3
Gender;0;Knee Replacement;Oxford Knee Score;23.333;14.4;16;18;28;36;40.333;37.2;38;39;42;44.4;17;8.2;13;19;22;24.4;3;0;0;3
Gender;1;Hip Replacement;EQ VAS;66.026;25;50;70;80;95;78.22;40;70;80;90;100;12.195;-20;0;10;25;55;10408;1684;3433;15525
Gender;1;Hip Replacement;EQ-5D Index;0.396;-0.074;0.055;0.587;0.691;0.76;0.816;0.293;0.691;0.883;1;1;0.42;-0.036;0.204;0.38;0.689;1.003;14433;877;895;16205
Gender;1;Hip Replacement;Oxford Hip Score;19.345;6;13;19;25;34;40.455;22;37;44;47;48;21.11;3;15;22;28;37;16605;92;515;17212
Gender;1;Knee Replacement;EQ VAS;69.864;30;60;75;85;95;75.733;40;70;80;90;96;5.868;-26;-5;5;15;42;10208;2498;5519;18225
Gender;1;Knee Replacement;EQ-5D Index;0.456;-0.016;0.159;0.62;0.691;0.76;0.758;0.186;0.691;0.796;1;1;0.302;-0.104;0.069;0.273;0.532;0.841;15277;1892;1848;19017
Gender;1;Knee Replacement;Oxford Knee Score;20.718;8;15;21;26;34;36.637;17;31;39;44;47;15.919;-1;10;16;23;32;18857;245;1187;20289
Gender;2;Hip Replacement;EQ VAS;62.745;20;50;69;80;95;76.66;40;70;80;90;100;13.915;-21;0;10;30;60;15546;2282;5152;22980
Gender;2;Hip Replacement;EQ-5D Index;0.327;-0.077;0.03;0.26;0.62;0.727;0.78;0.189;0.691;0.812;1;1;0.453;-0.033;0.192;0.413;0.74;1.016;21332;1319;1252;23903
Gender;2;Hip Replacement;Oxford Hip Score;17.166;5;11;16;23;32;38.91;20;35;42;46;48;21.743;3;15;23;29;37;25250;151;635;26036
Gender;2;Knee Replacement;EQ VAS;65.652;27;50;70;80;95;73.335;35;60;80;90;96;7.683;-30;-5;5;20;47;13625;2847;6754;23226
Gender;2;Knee Replacement;EQ-5D Index;0.383;-0.074;0.088;0.516;0.691;0.76;0.723;0.082;0.62;0.76;0.883;1;0.34;-0.104;0.071;0.309;0.603;0.895;19977;2317;2105;24399
Gender;2;Knee Replacement;Oxford Knee Score;17.78;6;12;17;23;31;34.698;16;29;37;42;47;16.918;0;10;17;24;32;25152;241;1239;26632
Gender;9;Hip Replacement;EQ VAS;47.5;22.75;33.75;47.5;61.25;72.25;89.5;89.05;89.25;89.5;89.75;89.95;42;17.7;28.5;42;55.5;66.3;2;0;0;2
Gender;9;Hip Replacement;EQ-5D Index;0.587;0.587;0.587;0.587;0.587;0.587;1;1;1;1;1;1;0.413;0.413;0.413;0.413;0.413;0.413;2;0;0;2
Gender;9;Hip Replacement;Oxford Hip Score;18.333;12;16;21;22;22.8;42.333;36.7;39.5;43;45.5;47.5;24;14.4;20;27;29.5;31.5;3;0;0;3
Gender;9;Knee Replacement;EQ VAS;85;72.25;81.25;87.5;91.25;94.25;87.5;72.25;81.25;90;96.25;99.25;2.5;0;0;0;2.5;8.5;1;3;0;4
Gender;9;Knee Replacement;EQ-5D Index;0.602;0.244;0.585;0.727;0.744;0.786;0.829;0.76;0.76;0.778;0.847;0.969;0.227;-0.02;0.043;0.171;0.355;0.552;3;0;1;4
Gender;9;Knee Replacement;Oxford Knee Score;25.25;11.85;23.25;29;31;33.4;36.25;29.45;31.25;36.5;41.5;42.7;11;0.25;9.25;13;14.75;18.95;3;0;1;4
Index of Multiple Deprivation;01. Least deprived 10%;Hip Replacement;EQ VAS;65.625;25;50;70;80;95;79.261;50;70;80;90;99;13.636;-20;0;10;25;55;3317;505;1022;4844
Index of Multiple Deprivation;01. Least deprived 10%;Hip Replacement;EQ-5D Index;0.404;-0.074;0.082;0.587;0.691;0.76;0.829;0.516;0.691;0.85;1;1;0.425;0;0.204;0.38;0.694;1.003;4484;267;226;4977
Index of Multiple Deprivation;01. Least deprived 10%;Hip Replacement;Oxford Hip Score;19.586;7;13;19;25;34;40.947;25;38;43;47;48;21.36;4;15;22;28;36;5215;33;126;5374
Index of Multiple Deprivation;01. Least deprived 10%;Knee Replacement;EQ VAS;68.97;30;60;70;82;95;76.412;40;70;80;90;96.35;7.442;-23;-4;5;19;45;2807;640;1307;4754
Index of Multiple Deprivation;01. Least deprived 10%;Knee Replacement;EQ-5D Index;0.47;-0.016;0.159;0.62;0.691;0.76;0.781;0.353;0.691;0.796;1;1;0.311;-0.071;0.071;0.296;0.532;0.841;4061;456;372;4889
Index of Multiple Deprivation;01. Least deprived 10%;Knee Replacement;Oxford Knee Score;20.61;8;15;20;26;33;37.199;20;33;39;44;47;16.59;1;11;17;23;31;4986;44;218;5248
Index of Multiple Deprivation;02. Less deprived 10-20%;Hip Replacement;EQ VAS;65.24;25;50;70;80;95;79.019;47.65;70;80;90;100;13.779;-20;0;10;25;55;3566;531;1077;5174
Index of Multiple Deprivation;02. Less deprived 10-20%;Hip Replacement;EQ-5D Index;0.385;-0.074;0.055;0.516;0.691;0.76;0.821;0.516;0.691;0.85;1;1;0.436;0;0.204;0.38;0.707;1.003;4840;287;234;5361
Index of Multiple Deprivation;02. Less deprived 10-20%;Hip Replacement;Oxford Hip Score;19.018;6;13;19;25;33;40.626;24;37;43;47;48;21.608;4;15;22;29;37;5587;28;129;5744
Index of Multiple Deprivation;02. Less deprived 10-20%;Knee Replacement;EQ VAS;68.579;30;55;70;84;95;76.29;40;70;80;90;96;7.711;-25;-4;5;20;45;3104;670;1437;5211
Index of Multiple Deprivation;02. Less deprived 10-20%;Knee Replacement;EQ-5D Index;0.446;-0.016;0.159;0.62;0.691;0.76;0.769;0.195;0.691;0.796;1;1;0.323;-0.071;0.071;0.309;0.59;0.891;4423;517;444;5384
Index of Multiple Deprivation;02. Less deprived 10-20%;Knee Replacement;Oxford Knee Score;20.123;8;15;20;25;33;36.828;19;32;39;44;47;16.705;0;11;17;24;32;5480;46;287;5813
Index of Multiple Deprivation;03. Less deprived 20-30%;Hip Replacement;EQ VAS;65.323;25;50;70;80;95;78.511;45;70;80;90;100;13.188;-20;0;10;27;55;3424;515;1144;5083
Index of Multiple Deprivation;03. Less deprived 20-30%;Hip Replacement;EQ-5D Index;0.385;-0.074;0.055;0.516;0.691;0.76;0.813;0.335;0.691;0.85;1;1;0.428;0;0.192;0.38;0.705;1.016;4689;283;256;5228
Index of Multiple Deprivation;03. Less deprived 20-30%;Hip Replacement;Oxford Hip Score;18.641;6;12;18;24;33;40.219;23;37;43;47;48;21.578;4;15;22;29;37;5442;20;150;5612
Index of Multiple Deprivation;03. Less deprived 20-30%;Knee Replacement;EQ VAS;68.929;30;59;70;85;95;75.847;40;70;80;90;97;6.918;-25;-5;5;19;45;2958;742;1474;5174
Index of Multiple Deprivation;03. Less deprived 20-30%;Knee Replacement;EQ-5D Index;0.438;-0.057;0.159;0.62;0.691;0.76;0.762;0.189;0.691;0.796;1;1;0.324;-0.071;0.071;0.309;0.59;0.864;4423;504;452;5379
Index of Multiple Deprivation;03. Less deprived 20-30%;Knee Replacement;Oxford Knee Score;19.696;7;14;19;25;33;36.505;19;31;39;44;47;16.808;0;11;17;24;32;5472;59;247;5778
Index of Multiple Deprivation;04. Less deprived 30-40%;Hip Replacement;EQ VAS;64.389;20;50;70;80;95;78.042;44;70;80;90;100;13.653;-20;0;10;26;58;3227;517;1037;4781
Index of Multiple Deprivation;04. Less deprived 30-40%;Hip Replacement;EQ-5D Index;0.357;-0.074;0.055;0.516;0.689;0.76;0.806;0.293;0.691;0.85;1;1;0.448;0;0.204;0.413;0.726;1.003;4455;255;242;4952
Index of Multiple Deprivation;04. Less deprived 30-40%;Hip Replacement;Oxford Hip Score;18.139;6;12;17;24;33;40.038;22;36;43;47;48;21.898;4;16;23;29;37;5183;24;125;5332
Index of Multiple Deprivation;04. Less deprived 30-40%;Knee Replacement;EQ VAS;68.958;30;60;74;83;95;75.717;40;70;80;90;96;6.759;-25;-5;5;19;45;2785;569;1451;4805
Index of Multiple Deprivation;04. Less deprived 30-40%;Knee Replacement;EQ-5D Index;0.436;-0.016;0.159;0.587;0.691;0.76;0.758;0.186;0.691;0.796;1;1;0.322;-0.071;0.071;0.309;0.59;0.851;4121;502;402;5025
Index of Multiple Deprivation;04. Less deprived 30-40%;Knee Replacement;Oxford Knee Score;19.563;8;14;19;25;33;36.41;18;31;38;44;47;16.847;0;10;17;24;32;5125;47;238;5410
Index of Multiple Deprivation;05. Less deprived 40-50%;Hip Replacement;EQ VAS;64.927;20;50;70;80;95;77.737;40;70;80;90;100;12.81;-20;0;10;25;55;3045;507;996;4548
Index of Multiple Deprivation;05. Less deprived 40-50%;Hip Replacement;EQ-5D Index;0.358;-0.074;0.055;0.516;0.689;0.76;0.802;0.312;0.691;0.815;1;1;0.444;-0.033;0.204;0.413;0.724;1.003;4276;234;248;4758
Index of Multiple Deprivation;05. Less deprived 40-50%;Hip Replacement;Oxford Hip Score;18.128;6;12;17;24;33;39.944;22;36;43;46;48;21.817;4;16;23;29;37;5026;22;110;5158
Index of Multiple Deprivation;05. Less deprived 40-50%;Knee Replacement;EQ VAS;68.066;30;55;70;80;95;75.113;40;69;80;90;96;7.046;-25;-5;5;19;45;2853;640;1395;4888
Index of Multiple Deprivation;05. Less deprived 40-50%;Knee Replacement;EQ-5D Index;0.429;-0.074;0.157;0.587;0.691;0.76;0.751;0.159;0.691;0.779;1;1;0.322;-0.104;0.071;0.309;0.59;0.871;4154;496;422;5072
Index of Multiple Deprivation;05. Less deprived 40-50%;Knee Replacement;Oxford Knee Score;19.308;7;14;19;24;32;35.956;17;31;38;43;47;16.648;0;10;17;23;32;5213;56;251;5520
Index of Multiple Deprivation;06. More deprived 40-50%;Hip Replacement;EQ VAS;64.096;20;50;70;80;95;77.343;40;70;80;90;100;13.247;-20.95;0;10;25;60;2733;369;880;3982
Index of Multiple Deprivation;06. More deprived 40-50%;Hip Replacement;EQ-5D Index;0.348;-0.074;0.055;0.516;0.69;0.76;0.797;0.291;0.691;0.815;1;1;0.449;-0.036;0.204;0.413;0.73;1.003;3759;208;223;4190
Index of Multiple Deprivation;06. More deprived 40-50%;Hip Replacement;Oxford Hip Score;17.735;5;12;17;23;33;39.531;21;35;42;46;48;21.796;4;15;22;29;37;4412;18;104;4534
Index of Multiple Deprivation;06. More deprived 40-50%;Knee Replacement;EQ VAS;67.375;30;50;70;80;95;74.463;40;65;80;90;96;7.088;-29;-5;5;20;45;2442;548;1249;4239
Index of Multiple Deprivation;06. More deprived 40-50%;Knee Replacement;EQ-5D Index;0.413;-0.074;0.088;0.587;0.691;0.76;0.74;0.159;0.689;0.76;1;1;0.326;-0.104;0.069;0.309;0.601;0.874;3611;419;422;4452
Index of Multiple Deprivation;06. More deprived 40-50%;Knee Replacement;Oxford Knee Score;18.99;7;13;19;24;32;35.542;16;30;38;43;47;16.551;-1;10;17;24;32;4513;54;252;4819
Index of Multiple Deprivation;07. More deprived 30-40%;Hip Replacement;EQ VAS;63.519;20;50;70;80;95;76.663;40;70;80;90;100;13.143;-21.9;0;10;27;59;2200;372;711;3283
Index of Multiple Deprivation;07. More deprived 30-40%;Hip Replacement;EQ-5D Index;0.332;-0.074;0.024;0.364;0.62;0.727;0.777;0.159;0.691;0.814;1;1;0.445;-0.071;0.192;0.413;0.74;1.016;3018;198;225;3441
Index of Multiple Deprivation;07. More deprived 30-40%;Hip Replacement;Oxford Hip Score;17.291;5;11;17;23;32;38.819;20;34;42;46;48;21.527;3;15;23;29;37;3573;25;111;3709
Index of Multiple Deprivation;07. More deprived 30-40%;Knee Replacement;EQ VAS;66.642;25;50;70;80;95;73.234;35;65;80;90;95;6.592;-30;-5;5;20;45;2082;466;1146;3694
Index of Multiple Deprivation;07. More deprived 30-40%;Knee Replacement;EQ-5D Index;0.394;-0.074;0.088;0.516;0.691;0.743;0.722;0.082;0.62;0.76;1;1;0.328;-0.104;0.069;0.309;0.601;0.875;3163;382;360;3905
Index of Multiple Deprivation;07. More deprived 30-40%;Knee Replacement;Oxford Knee Score;18.504;7;13;18;24;32;34.894;16;29;37;43;47;16.39;-1;10;17;23;32;3913;50;234;4197
Index of Multiple Deprivation;08. More deprived 20-30%;Hip Replacement;EQ VAS;61.869;20;50;65;80;95;74.532;35;65;80;90;99;12.663;-25;0;10;28;58;1762;275;656;2693
Index of Multiple Deprivation;08. More deprived 20-30%;Hip Replacement;EQ-5D Index;0.313;-0.131;-0.003;0.208;0.62;0.727;0.759;0.137;0.62;0.796;1;1;0.446;-0.069;0.175;0.413;0.741;1.003;2461;180;170;2811
Index of Multiple Deprivation;08. More deprived 20-30%;Hip Replacement;Oxford Hip Score;16.793;5;11;16;22;31;37.938;19;33;41;46;48;21.145;2;14;22;29;37;2937;28;87;3052
Index of Multiple Deprivation;08. More deprived 20-30%;Knee Replacement;EQ VAS;65.396;25;50;70;80;95;72.007;35;60;75;88;95;6.611;-30;-5;5;20;49;1871;451;1023;3345
Index of Multiple Deprivation;08. More deprived 20-30%;Knee Replacement;EQ-5D Index;0.368;-0.074;0.055;0.516;0.691;0.727;0.698;0.055;0.62;0.727;0.883;1;0.33;-0.104;0.069;0.309;0.603;0.899;2830;374;368;3572
Index of Multiple Deprivation;08. More deprived 20-30%;Knee Replacement;Oxford Knee Score;17.62;6;12;17;23;31;33.712;14;27;36;42;47;16.092;-1;9;17;24;32;3587;55;238;3880
Index of Multiple Deprivation;09. More deprived 10-20%;Hip Replacement;EQ VAS;60.04;20;45;60.5;80;90;72.511;30.65;60;79;90;98.35;12.471;-30;-1;10;30;60;1377;196;541;2114
Index of Multiple Deprivation;09. More deprived 10-20%;Hip Replacement;EQ-5D Index;0.277;-0.181;-0.016;0.159;0.587;0.727;0.721;0.055;0.587;0.76;1;1;0.444;-0.071;0.159;0.413;0.74;1.016;1955;139;178;2272
Index of Multiple Deprivation;09. More deprived 10-20%;Hip Replacement;Oxford Hip Score;15.866;4;10;15;21;30;36.631;16;30;39;45;48;20.765;0.2;14;22;29;38;2322;22;101;2445
Index of Multiple Deprivation;09. More deprived 10-20%;Knee Replacement;EQ VAS;64.62;25;50;70;80;95;70.686;30;60;75;87;95;6.066;-35;-5;5;20;48.05;1519;341;880;2740
Index of Multiple Deprivation;09. More deprived 10-20%;Knee Replacement;EQ-5D Index;0.339;-0.077;0.055;0.228;0.691;0.727;0.677;-0.016;0.587;0.727;0.85;1;0.338;-0.138;0.069;0.309;0.636;0.897;2319;251;335;2905
Index of Multiple Deprivation;09. More deprived 10-20%;Knee Replacement;Oxford Knee Score;16.905;6;11;16;22;31;33.023;12;26;35;42;47;16.118;-2;9;17;24;33;2911;37;216;3164
Index of Multiple Deprivation;10. Most deprived 10%;Hip Replacement;EQ VAS;58.887;10;40;60;80;94.1;70.854;30;60;75;90;100;11.967;-30;-5;10;28;60;1058;153;448;1659
Index of Multiple Deprivation;10. Most deprived 10%;Hip Replacement;EQ-5D Index;0.252;-0.184;-0.016;0.128;0.587;0.727;0.688;0.024;0.587;0.727;1;1;0.436;-0.104;0.148;0.413;0.713;1.003;1522;126;127;1775
Index of Multiple Deprivation;10. Most deprived 10%;Hip Replacement;Oxford Hip Score;15.387;4;9;15;20;30;35.317;14;28;38;44;48;19.929;0;13;21;28;37;1797;19;95;1911
Index of Multiple Deprivation;10. Most deprived 10%;Knee Replacement;EQ VAS;63.083;25;50;70;80;95;68.24;30;53;70;85;95;5.157;-35;-10;5;20;45;1233;254;825;2312
Index of Multiple Deprivation;10. Most deprived 10%;Knee Replacement;EQ-5D Index;0.319;-0.181;0.055;0.159;0.691;0.727;0.631;-0.016;0.516;0.691;0.796;1;0.312;-0.211;0.019;0.309;0.603;0.893;1909;279;349;2537
Index of Multiple Deprivation;10. Most deprived 10%;Knee Replacement;Oxford Knee Score;16.537;5;11;16;21.75;30;31.543;11;24;33;40;46;15.006;-3;8;15;23;32;2509;33;232;2774
Index of Multiple Deprivation;Unknown IMD;Hip Replacement;EQ VAS;61.919;20;50;65;80;94.75;76.5;30;70;80;90;100;14.581;-17;0;10;25;60.75;247;26;73;346
Index of Multiple Deprivation;Unknown IMD;Hip Replacement;EQ-5D Index;0.335;-0.074;-0.003;0.312;0.62;0.753;0.778;0.055;0.691;0.848;1;1;0.443;-0.028;0.223;0.413;0.7;1.003;308;19;18;345
Index of Multiple Deprivation;Unknown IMD;Hip Replacement;Oxford Hip Score;17.476;4.95;11;16;22;33.05;38.974;17.95;35;42;46;48;21.497;2;14;22.5;29;38;364;4;12;380
Index of Multiple Deprivation;Unknown IMD;Knee Replacement;EQ VAS;65.112;30;50;70;80;92;72.275;33.5;60;80;88;95;7.163;-28;-5;5;20;45;182;27;86;295
Index of Multiple Deprivation;Unknown IMD;Knee Replacement;EQ-5D Index;0.372;-0.074;0.085;0.516;0.691;0.757;0.7;-0.015;0.62;0.727;0.883;1;0.329;-0.104;0.071;0.309;0.603;0.852;246;29;28;303
Index of Multiple Deprivation;Unknown IMD;Knee Replacement;Oxford Knee Score;17.778;6;12;17;23;30;35.283;16;29;37;44;47;17.505;0;12;17;25;32.8;306;5;14;325
